id,first_name,last_name,email,gender
1,Brewer,Younglove,byounglove0@springer.com,Male
2,Kania,Zamorrano,kzamorrano1@surveymonkey.com,Female
3,Aloysius,Stain,astain2@apple.com,Male
4,Bard,Storah,bstorah3@nps.gov,Male
5,Wendi,Shakelade,wshakelade4@about.me,Female
6,Erl,De Maine,edemaine5@techcrunch.com,Male
7,Larisa,Slopier,lslopier6@vinaora.com,Female
8,Parsifal,Filimore,pfilimore7@flickr.com,Male
9,Rodolfo,Frediani,rfrediani8@cnet.com,Male
10,Howard,Pritchett,hpritchett9@ucoz.ru,Male
11,Lewie,Petteford,lpetteforda@freewebs.com,Male
12,Corty,Gilliatt,cgilliattb@newyorker.com,Male
13,Hedwig,Wynne,hwynnec@blog.com,Female
14,Phyllis,Ofield,pofieldd@weibo.com,Female
15,Randi,Forcer,rforcere@globo.com,Female
16,Melvin,Pengelly,mpengellyf@zdnet.com,Male
17,Thaddus,Fane,tfaneg@craigslist.org,Male
18,Bel,Hardacre,bhardacreh@meetup.com,Female
19,Winfred,Geibel,wgeibeli@merriam-webster.com,Male
20,Lindon,Panas,lpanasj@amazon.de,Male
21,Liam,Oxherd,loxherdk@ifeng.com,Male
22,Scotti,Galtone,sgaltonel@xing.com,Male
23,Noach,Abramzon,nabramzonm@purevolume.com,Male
24,Sonja,Cholton,scholtonn@bloglovin.com,Female
25,Tobin,Giacomasso,tgiacomassoo@histats.com,Male
26,Vonny,Mursell,vmursellp@chronoengine.com,Female
27,Suzy,Petit,spetitq@admin.ch,Female
28,Toma,Sackur,tsackurr@bigcartel.com,Female
29,Banky,Beach,bbeachs@admin.ch,Male
30,Curcio,Kennerknecht,ckennerknechtt@wix.com,Male
31,Reggis,Kainz,rkainzu@nifty.com,Male
32,Gerta,Treweek,gtreweekv@kickstarter.com,Female
33,Carmen,Marrow,cmarroww@nbcnews.com,Female
34,Benji,Gennerich,bgennerichx@jiathis.com,Male
35,Ax,Andryushin,aandryushiny@live.com,Male
36,Giralda,Nadin,gnadinz@stumbleupon.com,Female
37,Allister,Enoch,aenoch10@godaddy.com,Male
38,Brenden,Hailey,bhailey11@tiny.cc,Male
39,Arlyn,McClounan,amcclounan12@topsy.com,Female
40,Weidar,Wilkins,wwilkins13@state.tx.us,Male
41,Mellisa,Dansie,mdansie14@cbc.ca,Female
42,Louis,Kiossel,lkiossel15@cbc.ca,Male
43,Lizbeth,Laurenson,llaurenson16@biglobe.ne.jp,Female
44,Leilah,Eastbury,leastbury17@slideshare.net,Female
45,Marabel,Kingerby,mkingerby18@prnewswire.com,Female
46,Kain,Dimanche,kdimanche19@nbcnews.com,Male
47,Dione,Craigmyle,dcraigmyle1a@xinhuanet.com,Female
48,Arley,Beddall,abeddall1b@alexa.com,Male
49,Alicia,Conisbee,aconisbee1c@cnbc.com,Female
50,Leoine,Ollerhead,lollerhead1d@ed.gov,Female
51,Daveen,Seathwright,dseathwright1e@imgur.com,Female
52,Paige,Shallcroff,pshallcroff1f@vk.com,Female
53,Norby,Lake,nlake1g@mapquest.com,Male
54,Free,Weins,fweins1h@i2i.jp,Male
55,Miranda,Sloy,msloy1i@altervista.org,Female
56,Putnam,Wormleighton,pwormleighton1j@51.la,Male
57,Violette,Adamsky,vadamsky1k@latimes.com,Female
58,Claribel,Hambatch,chambatch1l@eepurl.com,Female
59,Melisenda,Carlino,mcarlino1m@mail.ru,Female
60,Lanae,Parkeson,lparkeson1n@jiathis.com,Female
61,Sharity,Echallie,sechallie1o@etsy.com,Female
62,Antoine,Pibsworth,apibsworth1p@mysql.com,Male
63,Rochella,Lecount,rlecount1q@ed.gov,Female
64,Letti,Daniele,ldaniele1r@amazon.co.jp,Female
65,Will,Passie,wpassie1s@dedecms.com,Male
66,Wendye,Liebmann,wliebmann1t@illinois.edu,Female
67,Gratiana,Fern,gfern1u@go.com,Female
68,Felike,Pickburn,fpickburn1v@rediff.com,Male
69,Arri,Ewins,aewins1w@wikispaces.com,Male
70,Jenny,Collyer,jcollyer1x@simplemachines.org,Female
71,Garey,Denziloe,gdenziloe1y@wordpress.org,Male
72,Shawn,Gascone,sgascone1z@paypal.com,Female
73,Novelia,Stansfield,nstansfield20@mail.ru,Female
74,Mollie,Nerne,mnerne21@biglobe.ne.jp,Female
75,Pearl,Witheford,pwitheford22@reverbnation.com,Female
76,Jamil,Wildsmith,jwildsmith23@cmu.edu,Male
77,Stacy,Haws,shaws24@people.com.cn,Female
78,Mag,Harry,mharry25@japanpost.jp,Female
79,Moss,Tuny,mtuny26@netlog.com,Male
80,Roana,Rigmond,rrigmond27@cargocollective.com,Female
81,Valina,Fraine,vfraine28@issuu.com,Female
82,Teena,Doyley,tdoyley29@google.it,Female
83,Annamaria,Yanin,ayanin2a@gmpg.org,Female
84,Nissa,Spada,nspada2b@google.com,Female
85,Helen-elizabeth,Girt,hgirt2c@wp.com,Female
86,Stearn,Moatt,smoatt2d@multiply.com,Male
87,Shandra,Bento,sbento2e@simplemachines.org,Female
88,Patrice,Chelnam,pchelnam2f@house.gov,Male
89,Fields,Fewlass,ffewlass2g@wordpress.org,Male
90,Brandtr,Thickens,bthickens2h@yale.edu,Male
91,Merle,Cayton,mcayton2i@yelp.com,Male
92,Fletcher,Nissle,fnissle2j@dagondesign.com,Male
93,Ariel,Meadway,ameadway2k@archive.org,Female
94,Elmer,Ivashev,eivashev2l@ovh.net,Male
95,Suzi,Backs,sbacks2m@va.gov,Female
96,Thomasina,Hellmer,thellmer2n@google.pl,Female
97,Bobby,Bearman,bbearman2o@nymag.com,Male
98,Jamesy,Klimowski,jklimowski2p@irs.gov,Male
99,Jacquenetta,De Freitas,jdefreitas2q@blogspot.com,Female
100,Rori,Stratley,rstratley2r@hostgator.com,Female
101,Belicia,Smalecombe,bsmalecombe2s@tamu.edu,Female
102,Betteanne,Wands,bwands2t@alibaba.com,Female
103,De witt,Staynes,dstaynes2u@weebly.com,Male
104,Timothea,Jekel,tjekel2v@berkeley.edu,Female
105,Davie,Stanner,dstanner2w@gov.uk,Male
106,Thornie,Olivetti,tolivetti2x@icq.com,Male
107,Alister,Mayman,amayman2y@livejournal.com,Male
108,Laurette,Bill,lbill2z@github.io,Female
109,Kermy,Reese,kreese30@bloglovin.com,Male
110,Caesar,Le Frank,clefrank31@google.ru,Male
111,Hartley,Eastwood,heastwood32@arstechnica.com,Male
112,Bertram,Batchelar,bbatchelar33@people.com.cn,Male
113,Alfy,Dunkinson,adunkinson34@cornell.edu,Male
114,Glendon,Stearn,gstearn35@cdbaby.com,Male
115,Davina,Doyley,ddoyley36@independent.co.uk,Female
116,Drucill,Dubbin,ddubbin37@si.edu,Female
117,Cassie,Trusdale,ctrusdale38@bbb.org,Female
118,Edwin,Creigan,ecreigan39@unblog.fr,Male
119,Constantine,Grolle,cgrolle3a@paginegialle.it,Male
120,Zebulon,Minocchi,zminocchi3b@cnbc.com,Male
121,Farica,Alwin,falwin3c@twitpic.com,Female
122,Nanice,ducarme,nducarme3d@icq.com,Female
123,Bette-ann,Clair,bclair3e@youtu.be,Female
124,Dorella,Tulloch,dtulloch3f@marketwatch.com,Female
125,Hayward,de Almeida,hdealmeida3g@dailymail.co.uk,Male
126,Gilburt,Loxdale,gloxdale3h@mlb.com,Male
127,Enriqueta,Fetherston,efetherston3i@issuu.com,Female
128,Walliw,Phillpotts,wphillpotts3j@sun.com,Female
129,Antonella,Anstie,aanstie3k@ebay.com,Female
130,Rayner,Lethley,rlethley3l@clickbank.net,Male
131,Joell,Szantho,jszantho3m@networkadvertising.org,Female
132,Willey,Siggers,wsiggers3n@symantec.com,Male
133,Clyve,Linford,clinford3o@nydailynews.com,Male
134,Sharron,Winfindale,swinfindale3p@nytimes.com,Female
135,Livvyy,Southcombe,lsouthcombe3q@state.gov,Female
136,Vanda,Bisp,vbisp3r@comcast.net,Female
137,Sibbie,Helsby,shelsby3s@elegantthemes.com,Female
138,Heywood,Bank,hbank3t@time.com,Male
139,Taddeo,Pashenkov,tpashenkov3u@cafepress.com,Male
140,Loella,Whelan,lwhelan3v@etsy.com,Female
141,Wilona,Minton,wminton3w@statcounter.com,Female
142,Horatio,Beards,hbeards3x@blogspot.com,Male
143,Kiel,Rosenschein,krosenschein3y@rediff.com,Male
144,Carissa,Bentz,cbentz3z@behance.net,Female
145,Amalie,Waugh,awaugh40@amazon.co.jp,Female
146,Winn,Waszczykowski,wwaszczykowski41@meetup.com,Male
147,Moyna,Pigne,mpigne42@usa.gov,Female
148,Ossie,Spaducci,ospaducci43@bizjournals.com,Male
149,Tobit,Durban,tdurban44@zdnet.com,Male
150,Ernie,Botger,ebotger45@cnn.com,Male
151,Ramon,Watkiss,rwatkiss46@reddit.com,Male
152,Jasun,Tallet,jtallet47@dailymotion.com,Male
153,Kirsteni,Doxsey,kdoxsey48@canalblog.com,Female
154,Bertie,Grimsditch,bgrimsditch49@rakuten.co.jp,Female
155,Sebastien,Miner,sminer4a@rediff.com,Male
156,Renae,Cersey,rcersey4b@spiegel.de,Female
157,Wendy,Rablen,wrablen4c@wikispaces.com,Female
158,Ody,Dallison,odallison4d@ezinearticles.com,Male
159,Bambie,Lauderdale,blauderdale4e@yahoo.co.jp,Female
160,Herschel,Gabriel,hgabriel4f@csmonitor.com,Male
161,Dell,Baise,dbaise4g@nhs.uk,Female
162,Lindsey,Ritson,lritson4h@sogou.com,Female
163,Carlen,Povall,cpovall4i@fda.gov,Female
164,Onida,Mannock,omannock4j@xinhuanet.com,Female
165,Rinaldo,Teall,rteall4k@issuu.com,Male
166,Petronille,Goodsell,pgoodsell4l@live.com,Female
167,Rory,Maylin,rmaylin4m@hhs.gov,Male
168,Sigmund,Maren,smaren4n@qq.com,Male
169,Pauli,Hedditeh,phedditeh4o@springer.com,Female
170,Hilton,Setter,hsetter4p@statcounter.com,Male
171,Jandy,Simonian,jsimonian4q@pinterest.com,Female
172,Karry,Benzing,kbenzing4r@networkadvertising.org,Female
173,Prinz,Grennan,pgrennan4s@trellian.com,Male
174,Glynn,Yoakley,gyoakley4t@de.vu,Male
175,Perice,Viney,pviney4u@engadget.com,Male
176,Reuven,Orme,rorme4v@jugem.jp,Male
177,Chalmers,Welbeck,cwelbeck4w@free.fr,Male
178,Sherman,How,show4x@opensource.org,Male
179,Zolly,Lodewick,zlodewick4y@hubpages.com,Male
180,Enrico,Beachem,ebeachem4z@smh.com.au,Male
181,Johan,Dawbery,jdawbery50@unicef.org,Male
182,Alicia,Rospars,arospars51@istockphoto.com,Female
183,Avery,Spray,aspray52@chron.com,Male
184,Germain,Bresland,gbresland53@last.fm,Male
185,Tybie,Warnes,twarnes54@samsung.com,Female
186,Ermentrude,Collocott,ecollocott55@aboutads.info,Female
187,Zollie,Spong,zspong56@ibm.com,Male
188,Danya,Sherrott,dsherrott57@dailymail.co.uk,Male
189,Evy,Fazackerley,efazackerley58@ning.com,Female
190,Jose,Merrison,jmerrison59@cargocollective.com,Male
191,Ruthanne,Jenton,rjenton5a@addtoany.com,Female
192,Axel,Spanton,aspanton5b@huffingtonpost.com,Male
193,Elfie,Le Noir,elenoir5c@a8.net,Female
194,Vilma,Verlinden,vverlinden5d@wikipedia.org,Female
195,Dedra,Camfield,dcamfield5e@homestead.com,Female
196,Martynne,But,mbut5f@unblog.fr,Female
197,Gabie,Hammatt,ghammatt5g@ning.com,Female
198,Kennie,Londing,klonding5h@arstechnica.com,Male
199,Delmor,Janew,djanew5i@weebly.com,Male
200,Inez,Pindell,ipindell5j@paginegialle.it,Female
201,Abagail,Letcher,aletcher5k@tmall.com,Female
202,Gizela,Sarten,gsarten5l@bravesites.com,Female
203,Amalie,Maylor,amaylor5m@fotki.com,Female
204,Nonie,Mathet,nmathet5n@irs.gov,Female
205,Claudette,Koles,ckoles5o@blogtalkradio.com,Female
206,Purcell,Prisley,pprisley5p@census.gov,Male
207,Niall,John,njohn5q@digg.com,Male
208,Cammie,Edmundson,cedmundson5r@dion.ne.jp,Female
209,Casey,Ryall,cryall5s@people.com.cn,Male
210,Xenia,MacGhee,xmacghee5t@mit.edu,Female
211,Francisca,Dunstall,fdunstall5u@163.com,Female
212,Sheffy,Mouse,smouse5v@merriam-webster.com,Male
213,Jess,Guisler,jguisler5w@mozilla.org,Male
214,Chrystel,Maidens,cmaidens5x@example.com,Female
215,Chet,Elecum,celecum5y@illinois.edu,Male
216,Carmon,Metcalf,cmetcalf5z@oracle.com,Female
217,Case,Gomby,cgomby60@soup.io,Male
218,Eward,Cobson,ecobson61@shutterfly.com,Male
219,Magnum,De Cruz,mdecruz62@gmpg.org,Male
220,Maximilien,Clingan,mclingan63@weibo.com,Male
221,Damara,Musterd,dmusterd64@shareasale.com,Female
222,Tabbitha,Ray,tray65@acquirethisname.com,Female
223,Vasilis,Filippov,vfilippov66@theglobeandmail.com,Male
224,Eadith,Tredget,etredget67@nationalgeographic.com,Female
225,Granville,Vescovini,gvescovini68@joomla.org,Male
226,Corbin,Doohey,cdoohey69@clickbank.net,Male
227,Gerri,Celloni,gcelloni6a@webmd.com,Male
228,Hort,Leaf,hleaf6b@cdc.gov,Male
229,Chicky,Dinis,cdinis6c@house.gov,Female
230,Reider,McDuffie,rmcduffie6d@cnn.com,Male
231,Isidoro,Weightman,iweightman6e@slideshare.net,Male
232,Valida,Minchinden,vminchinden6f@opensource.org,Female
233,Jessalin,Durnill,jdurnill6g@google.co.uk,Female
234,Kristoffer,MacGillicuddy,kmacgillicuddy6h@state.gov,Male
235,Collin,Larner,clarner6i@booking.com,Male
236,Theresa,Fassbindler,tfassbindler6j@epa.gov,Female
237,Micah,Goldstraw,mgoldstraw6k@theatlantic.com,Male
238,Ly,Goodricke,lgoodricke6l@earthlink.net,Male
239,Aleda,Wackley,awackley6m@desdev.cn,Female
240,Carling,Mussard,cmussard6n@google.es,Male
241,Dorian,Pagan,dpagan6o@shareasale.com,Male
242,Shalne,Fladgate,sfladgate6p@earthlink.net,Female
243,Maye,Broadnicke,mbroadnicke6q@cbc.ca,Female
244,Brit,Tremblet,btremblet6r@nbcnews.com,Male
245,Dolley,Maulkin,dmaulkin6s@forbes.com,Female
246,Lu,Davsley,ldavsley6t@twitpic.com,Female
247,Finn,Fossitt,ffossitt6u@ca.gov,Male
248,Margy,Dooney,mdooney6v@dyndns.org,Female
249,Amye,Inglish,ainglish6w@discuz.net,Female
250,Llewellyn,Haestier,lhaestier6x@list-manage.com,Male
251,Bernhard,Foukx,bfoukx6y@barnesandnoble.com,Male
252,Eddi,Crux,ecrux6z@latimes.com,Female
253,Inna,Edgcombe,iedgcombe70@redcross.org,Female
254,Bay,Sambals,bsambals71@china.com.cn,Male
255,Seth,Antley,santley72@vinaora.com,Male
256,Sherlocke,Halliday,shalliday73@adobe.com,Male
257,Andie,Grube,agrube74@diigo.com,Female
258,Orel,Verty,overty75@woothemes.com,Female
259,Helenka,Danilov,hdanilov76@nifty.com,Female
260,Barry,Mapowder,bmapowder77@jalbum.net,Female
261,Burty,MacGowing,bmacgowing78@vimeo.com,Male
262,Drusie,Buckie,dbuckie79@chron.com,Female
263,Lesya,Mattielli,lmattielli7a@spiegel.de,Female
264,Gayler,Boissier,gboissier7b@hexun.com,Male
265,Rikki,Dennistoun,rdennistoun7c@forbes.com,Male
266,Orella,Dredge,odredge7d@vkontakte.ru,Female
267,Farleigh,Tyres,ftyres7e@quantcast.com,Male
268,Marga,Neve,mneve7f@google.pl,Female
269,Clifford,Roman,croman7g@netvibes.com,Male
270,Randi,Balcombe,rbalcombe7h@examiner.com,Male
271,Julio,Coast,jcoast7i@about.com,Male
272,Katusha,Billany,kbillany7j@studiopress.com,Female
273,Maggie,Bozworth,mbozworth7k@redcross.org,Female
274,Thornie,Fraczkiewicz,tfraczkiewicz7l@liveinternet.ru,Male
275,Mariette,Hempel,mhempel7m@1688.com,Female
276,Noble,Woodsford,nwoodsford7n@weibo.com,Male
277,Odele,Groundwator,ogroundwator7o@yellowbook.com,Female
278,Tootsie,Theakston,ttheakston7p@altervista.org,Female
279,Dodi,Fishley,dfishley7q@t-online.de,Female
280,Eddi,Giorgi,egiorgi7r@csmonitor.com,Female
281,Kandy,Byass,kbyass7s@reuters.com,Female
282,Halsey,Warnes,hwarnes7t@dyndns.org,Male
283,Dallon,Cowin,dcowin7u@elegantthemes.com,Male
284,Edgard,Paulillo,epaulillo7v@ustream.tv,Male
285,Bronnie,Liver,bliver7w@cbsnews.com,Male
286,Melinde,Telfer,mtelfer7x@usnews.com,Female
287,Petunia,Orringe,porringe7y@imgur.com,Female
288,Miquela,Minichi,mminichi7z@flickr.com,Female
289,Simon,Segeswoeth,ssegeswoeth80@vistaprint.com,Male
290,Rozalin,Stainfield,rstainfield81@thetimes.co.uk,Female
291,Edd,Crosfield,ecrosfield82@newyorker.com,Male
292,Pierson,Artist,partist83@github.com,Male
293,Amabelle,Botting,abotting84@fema.gov,Female
294,Almeda,Grace,agrace85@sitemeter.com,Female
295,Carmelia,Gerdes,cgerdes86@etsy.com,Female
296,Angeli,Erb,aerb87@amazon.de,Male
297,Jocko,Dury,jdury88@lycos.com,Male
298,Gun,Beyne,gbeyne89@rambler.ru,Male
299,Abbi,Duffield,aduffield8a@shop-pro.jp,Female
300,Guinna,Grindlay,ggrindlay8b@privacy.gov.au,Female
301,Griselda,Lewnden,glewnden8c@feedburner.com,Female
302,Nancee,Abbet,nabbet8d@ycombinator.com,Female
303,Eddy,Chatten,echatten8e@thetimes.co.uk,Male
304,Antone,Oxborrow,aoxborrow8f@xrea.com,Male
305,Ravi,Lyne,rlyne8g@nba.com,Male
306,Myrvyn,Bustard,mbustard8h@buzzfeed.com,Male
307,Dinah,Ambrosini,dambrosini8i@disqus.com,Female
308,Danice,Mowday,dmowday8j@indiatimes.com,Female
309,Marietta,Bilborough,mbilborough8k@wix.com,Female
310,Joelynn,Chisholm,jchisholm8l@yandex.ru,Female
311,Edik,Tevelov,etevelov8m@aol.com,Male
312,Jayne,Weal,jweal8n@hc360.com,Female
313,Benton,Berry,bberry8o@bandcamp.com,Male
314,Nancie,Livesley,nlivesley8p@creativecommons.org,Female
315,Jerald,Laurent,jlaurent8q@hatena.ne.jp,Male
316,Shoshana,Castelluzzi,scastelluzzi8r@technorati.com,Female
317,Amelina,Bockler,abockler8s@odnoklassniki.ru,Female
318,Christiana,Trayton,ctrayton8t@ucsd.edu,Female
319,Benny,Ogdahl,bogdahl8u@usnews.com,Male
320,Gayla,Phil,gphil8v@sogou.com,Female
321,Sharia,Luisetti,sluisetti8w@wisc.edu,Female
322,Davie,Cadany,dcadany8x@exblog.jp,Male
323,Eliza,Winchcomb,ewinchcomb8y@globo.com,Female
324,Consalve,Cleare,ccleare8z@prweb.com,Male
325,Godfry,Espinel,gespinel90@usatoday.com,Male
326,Helen,Baldick,hbaldick91@java.com,Female
327,Charlene,Riccard,criccard92@pagesperso-orange.fr,Female
328,Gaylene,Weekley,gweekley93@google.de,Female
329,Boote,Schimek,bschimek94@businessinsider.com,Male
330,Lyndell,Mayhou,lmayhou95@360.cn,Female
331,Betsey,Doak,bdoak96@skype.com,Female
332,Rocky,Klamp,rklamp97@stanford.edu,Male
333,Loise,Pullen,lpullen98@psu.edu,Female
334,Becka,Ravenhills,bravenhills99@utexas.edu,Female
335,Norbert,Barneville,nbarneville9a@lycos.com,Male
336,Way,Frears,wfrears9b@ycombinator.com,Male
337,Bonnee,Biggin,bbiggin9c@icq.com,Female
338,Jasen,De Hailes,jdehailes9d@godaddy.com,Male
339,Devonne,Redon,dredon9e@google.co.jp,Female
340,Claus,Pummery,cpummery9f@tmall.com,Male
341,Quent,Reinhart,qreinhart9g@loc.gov,Male
342,Kandace,Maroney,kmaroney9h@disqus.com,Female
343,Merwin,Spaughton,mspaughton9i@goo.gl,Male
344,Quent,Pietruszka,qpietruszka9j@ezinearticles.com,Male
345,Kathie,Goward,kgoward9k@businessweek.com,Female
346,Agosto,Havoc,ahavoc9l@ibm.com,Male
347,Libbi,Finlan,lfinlan9m@sfgate.com,Female
348,Honoria,Hebblethwaite,hhebblethwaite9n@vistaprint.com,Female
349,Shelley,Robbeke,srobbeke9o@moonfruit.com,Male
350,Kanya,Broadhurst,kbroadhurst9p@google.com.au,Female
351,Lind,Fasey,lfasey9q@desdev.cn,Male
352,Lon,Farnorth,lfarnorth9r@flavors.me,Male
353,Nelie,Tapley,ntapley9s@wordpress.org,Female
354,Isa,MacConneely,imacconneely9t@pbs.org,Female
355,Kittie,Romke,kromke9u@yandex.ru,Female
356,Wilhelmina,Florence,wflorence9v@purevolume.com,Female
357,Erica,Senussi,esenussi9w@google.cn,Female
358,Udell,Lacrouts,ulacrouts9x@nyu.edu,Male
359,Rosmunda,Blakeston,rblakeston9y@pagesperso-orange.fr,Female
360,Josh,Mathieson,jmathieson9z@mapy.cz,Male
361,Sela,Abby,sabbya0@virginia.edu,Female
362,Cyb,Service,cservicea1@sciencedirect.com,Female
363,Aurore,Shillaber,ashillabera2@go.com,Female
364,Janean,Gianetti,jgianettia3@purevolume.com,Female
365,Fedora,Douglass,fdouglassa4@nationalgeographic.com,Female
366,Ashly,MacNamara,amacnamaraa5@freewebs.com,Female
367,Charin,Storrs,cstorrsa6@un.org,Female
368,Rafi,Samet,rsameta7@microsoft.com,Male
369,Gonzalo,Kwiek,gkwieka8@adobe.com,Male
370,Corbett,Innwood,cinnwooda9@oracle.com,Male
371,Chrissy,Jurick,cjurickaa@google.com,Female
372,Anette,Kyllford,akyllfordab@hp.com,Female
373,Tessi,Riddeough,triddeoughac@hexun.com,Female
374,Rora,Vannini,rvanniniad@sciencedaily.com,Female
375,Eldon,Grogan,egroganae@businessinsider.com,Male
376,Eda,Bereford,eberefordaf@youku.com,Female
377,Brett,Harkness,bharknessag@chronoengine.com,Female
378,Dov,Kettlesting,dkettlestingah@imdb.com,Male
379,Filberto,Tixall,ftixallai@webeden.co.uk,Male
380,Derrek,Canedo,dcanedoaj@washington.edu,Male
381,Gisele,Maffioletti,gmaffiolettiak@behance.net,Female
382,Earlie,Dumphy,edumphyal@ezinearticles.com,Male
383,Maitilde,Joutapaitis,mjoutapaitisam@webeden.co.uk,Female
384,Rahel,Cacacie,rcacaciean@auda.org.au,Female
385,Gleda,Collett,gcollettao@cyberchimps.com,Female
386,Rochella,Halleday,rhalledayap@cocolog-nifty.com,Female
387,Demetri,Dinkin,ddinkinaq@pbs.org,Male
388,Forbes,Borrott,fborrottar@liveinternet.ru,Male
389,Gisela,Bazeley,gbazeleyas@howstuffworks.com,Female
390,Garnette,Mercik,gmercikat@sourceforge.net,Female
391,Kimberli,Bardill,kbardillau@ftc.gov,Female
392,Lloyd,Di Carli,ldicarliav@unicef.org,Male
393,Harman,Caines,hcainesaw@blinklist.com,Male
394,Annice,Balsom,abalsomax@wordpress.org,Female
395,Pryce,Heaselgrave,pheaselgraveay@mtv.com,Male
396,Judd,Shillingford,jshillingfordaz@a8.net,Male
397,Rodd,Robion,rrobionb0@paginegialle.it,Male
398,Harlen,Heinke,hheinkeb1@shutterfly.com,Male
399,Dona,Braddick,dbraddickb2@blinklist.com,Female
400,Gustavo,Shearwood,gshearwoodb3@clickbank.net,Male
401,Antonietta,Laugherane,alaugheraneb4@drupal.org,Female
402,Nathanael,MacCathay,nmaccathayb5@seesaa.net,Male
403,Cortie,Blakeway,cblakewayb6@clickbank.net,Male
404,Lula,Tremoulet,ltremouletb7@tmall.com,Female
405,Janka,Symonds,jsymondsb8@hatena.ne.jp,Female
406,Hillard,Rhys,hrhysb9@hud.gov,Male
407,Francois,McCoy,fmccoyba@yahoo.com,Male
408,Ashil,Rowler,arowlerbb@wired.com,Female
409,Sydney,Ingerith,singerithbc@webeden.co.uk,Female
410,Amalee,Hebdon,ahebdonbd@slashdot.org,Female
411,Levon,Bissell,lbissellbe@psu.edu,Male
412,Evaleen,Dowey,edoweybf@latimes.com,Female
413,Alleyn,Von Welldun,avonwelldunbg@posterous.com,Male
414,Finley,Pennuzzi,fpennuzzibh@discuz.net,Male
415,Mia,Reaper,mreaperbi@mapquest.com,Female
416,Wittie,California,wcaliforniabj@wordpress.org,Male
417,Leopold,Pettiward,lpettiwardbk@constantcontact.com,Male
418,Roger,Aylwin,raylwinbl@yellowpages.com,Male
419,Giacopo,Mullane,gmullanebm@fc2.com,Male
420,Kipp,Giordano,kgiordanobn@jiathis.com,Female
421,Arlin,McCarrell,amccarrellbo@goodreads.com,Male
422,Pacorro,Gathercole,pgathercolebp@skype.com,Male
423,Ernaline,Vasyutkin,evasyutkinbq@phoca.cz,Female
424,Cathleen,Kensett,ckensettbr@marketwatch.com,Female
425,Cassandry,Kesby,ckesbybs@ihg.com,Female
426,Reed,Keirle,rkeirlebt@usatoday.com,Male
427,Baron,Dunnaway,bdunnawaybu@ning.com,Male
428,Ogden,Tippin,otippinbv@acquirethisname.com,Male
429,Averil,Haddon,ahaddonbw@uol.com.br,Male
430,Carmencita,Ashmore,cashmorebx@dagondesign.com,Female
431,Sigvard,Purver,spurverby@nps.gov,Male
432,Mallorie,Sor,msorbz@opensource.org,Female
433,Nicolai,Najera,nnajerac0@smh.com.au,Male
434,Chere,Mateiko,cmateikoc1@shareasale.com,Female
435,Lenora,Beedom,lbeedomc2@illinois.edu,Female
436,Gard,Betun,gbetunc3@hhs.gov,Male
437,Sollie,Yakubovics,syakubovicsc4@seesaa.net,Male
438,Clemmy,Hamnett,chamnettc5@chicagotribune.com,Female
439,Hillary,Lefeaver,hlefeaverc6@cafepress.com,Female
440,Berni,Reddell,breddellc7@yahoo.com,Female
441,Shayla,Dawidman,sdawidmanc8@google.com.br,Female
442,Rhianon,Rillatt,rrillattc9@statcounter.com,Female
443,Bernelle,Theyer,btheyerca@com.com,Female
444,Rhody,Briamo,rbriamocb@devhub.com,Female
445,Rhonda,Ruddiman,rruddimancc@foxnews.com,Female
446,Geoff,Vedekhin,gvedekhincd@storify.com,Male
447,Dorolisa,Edmeades,dedmeadesce@google.es,Female
448,Rani,Sparshett,rsparshettcf@cpanel.net,Female
449,Waldemar,Frankcomb,wfrankcombcg@mit.edu,Male
450,Conny,Edelston,cedelstonch@ucsd.edu,Male
451,Spike,Blouet,sblouetci@xrea.com,Male
452,Marrissa,Simounet,msimounetcj@webeden.co.uk,Female
453,Margeaux,Lille,mlilleck@cargocollective.com,Female
454,Virgilio,Klaggeman,vklaggemancl@skyrock.com,Male
455,Gussie,Levane,glevanecm@etsy.com,Female
456,Hendrick,Kidby,hkidbycn@irs.gov,Male
457,Weidar,Lackney,wlackneyco@cnn.com,Male
458,Joel,Sitwell,jsitwellcp@springer.com,Male
459,Teodor,Farrin,tfarrincq@studiopress.com,Male
460,Ara,Godard,agodardcr@nature.com,Female
461,Lonni,Mesias,lmesiascs@google.com.au,Female
462,Jodie,Teml,jtemlct@webmd.com,Male
463,Carey,Burtenshaw,cburtenshawcu@mozilla.com,Male
464,Torrie,Augur,taugurcv@oakley.com,Female
465,Ardisj,Granleese,agranleesecw@jiathis.com,Female
466,Darill,Merrett,dmerrettcx@sun.com,Male
467,Margie,Avesque,mavesquecy@1und1.de,Female
468,Morgun,Brickstock,mbrickstockcz@mlb.com,Male
469,Hendrika,Dorcey,hdorceyd0@google.nl,Female
470,Meggy,McIntee,mmcinteed1@jiathis.com,Female
471,Roanna,Butchers,rbutchersd2@columbia.edu,Female
472,Madeleine,Lapthorn,mlapthornd3@feedburner.com,Female
473,Tessy,Chalk,tchalkd4@who.int,Female
474,Clerissa,Gillbe,cgillbed5@ehow.com,Female
475,Garret,Matthiesen,gmatthiesend6@netvibes.com,Male
476,Sunny,Chardin,schardind7@amazonaws.com,Male
477,Patric,McNiven,pmcnivend8@cornell.edu,Male
478,Leila,Danieli,ldanielid9@ox.ac.uk,Female
479,Raimund,Everal,reveralda@zdnet.com,Male
480,Shaylah,Soppitt,ssoppittdb@a8.net,Female
481,Katharina,Moller,kmollerdc@bigcartel.com,Female
482,Abigail,Andriss,aandrissdd@addtoany.com,Female
483,Nadine,Nuttall,nnuttallde@eventbrite.com,Female
484,Sorcha,Grigorescu,sgrigorescudf@imdb.com,Female
485,Muhammad,Howells,mhowellsdg@dot.gov,Male
486,Shamus,de Clerk,sdeclerkdh@reverbnation.com,Male
487,Adams,Spencock,aspencockdi@bluehost.com,Male
488,Fred,Mawford,fmawforddj@desdev.cn,Female
489,Lilli,MacVagh,lmacvaghdk@w3.org,Female
490,Winston,Lefeaver,wlefeaverdl@mapquest.com,Male
491,Lek,Windybank,lwindybankdm@icio.us,Male
492,Gayla,McCully,gmccullydn@elpais.com,Female
493,Vanni,Ewin,vewindo@instagram.com,Female
494,Louisa,Moulster,lmoulsterdp@chronoengine.com,Female
495,Laney,Haugen,lhaugendq@hubpages.com,Male
496,Davidde,Bickerstaff,dbickerstaffdr@github.com,Male
497,Dickie,Johncey,djohnceyds@netlog.com,Male
498,Jemimah,Hyndman,jhyndmandt@un.org,Female
499,Sherlock,Lawerence,slawerencedu@chicagotribune.com,Male
500,Jamesy,Simonitto,jsimonittodv@chron.com,Male
501,Mohammed,Rowter,mrowterdw@reddit.com,Male
502,Gamaliel,Verbrugghen,gverbrugghendx@php.net,Male
503,Margit,Malham,mmalhamdy@theatlantic.com,Female
504,Eugen,Millsom,emillsomdz@ted.com,Male
505,Birgitta,Vanshin,bvanshine0@ezinearticles.com,Female
506,Sherwood,Demaine,sdemainee1@loc.gov,Male
507,Jacquenette,Walliker,jwallikere2@gizmodo.com,Female
508,Elmore,Spatari,espatarie3@twitter.com,Male
509,Babita,Drivers,bdriverse4@netvibes.com,Female
510,Abelard,Thickett,athickette5@loc.gov,Male
511,Ham,Eakly,heaklye6@buzzfeed.com,Male
512,Margaux,Dockerty,mdockertye7@networksolutions.com,Female
513,Jesse,Ajean,jajeane8@bloglovin.com,Female
514,Bogart,Haggith,bhaggithe9@nymag.com,Male
515,Domenico,Neilands,dneilandsea@theglobeandmail.com,Male
516,Parsifal,Gresley,pgresleyeb@opensource.org,Male
517,Deny,Howselee,dhowseleeec@devhub.com,Female
518,Kelby,Rival,krivaled@lulu.com,Male
519,Skipton,Currall,scurrallee@cyberchimps.com,Male
520,Orsola,Swadden,oswaddenef@networksolutions.com,Female
521,Brianna,Poleye,bpoleyeeg@usa.gov,Female
522,Hermon,Rosbrough,hrosbrougheh@wisc.edu,Male
523,Pooh,Ashbee,pashbeeei@meetup.com,Female
524,Costa,Beagin,cbeaginej@sciencedirect.com,Male
525,Monro,Pogg,mpoggek@marketwatch.com,Male
526,Gustave,Booi,gbooiel@opera.com,Male
527,Todd,Tippler,ttipplerem@shareasale.com,Male
528,Adrianne,McCaskell,amccaskellen@usnews.com,Female
529,Neddy,Stirman,nstirmaneo@youtube.com,Male
530,Kimmi,Francom,kfrancomep@buzzfeed.com,Female
531,Bond,Tinkham,btinkhameq@over-blog.com,Male
532,Bordy,Ure,bureer@diigo.com,Male
533,Moira,Orta,mortaes@java.com,Female
534,Petr,Humble,phumbleet@last.fm,Male
535,Archambault,Allanby,aallanbyeu@artisteer.com,Male
536,Aeriel,Dantesia,adantesiaev@ucsd.edu,Female
537,Cloe,Stockoe,cstockoeew@myspace.com,Female
538,Flossie,Newvill,fnewvillex@wufoo.com,Female
539,Sacha,Blumsom,sblumsomey@desdev.cn,Female
540,Reina,Kingman,rkingmanez@msn.com,Female
541,Dayna,Fellos,dfellosf0@amazon.com,Female
542,Jelene,Blitzer,jblitzerf1@cyberchimps.com,Female
543,Clement,Shorland,cshorlandf2@list-manage.com,Male
544,Jarred,Askaw,jaskawf3@aboutads.info,Male
545,Dix,O'Curneen,docurneenf4@liveinternet.ru,Female
546,Joelie,Semon,jsemonf5@bigcartel.com,Female
547,Laurette,Pimblotte,lpimblottef6@dot.gov,Female
548,De,Carpenter,dcarpenterf7@mapy.cz,Female
549,Conant,Dono,cdonof8@cyberchimps.com,Male
550,Simonette,Lehemann,slehemannf9@cloudflare.com,Female
551,Jerrilee,Glasspool,jglasspoolfa@toplist.cz,Female
552,Ernaline,Cuttell,ecuttellfb@quantcast.com,Female
553,Faber,Twopenny,ftwopennyfc@hatena.ne.jp,Male
554,Cody,Polet,cpoletfd@fema.gov,Female
555,Rowan,Tomich,rtomichfe@stanford.edu,Male
556,Judith,Wythe,jwytheff@tamu.edu,Female
557,Janey,Nott,jnottfg@redcross.org,Female
558,Drusilla,Pride,dpridefh@comcast.net,Female
559,Mohandis,Tiner,mtinerfi@dmoz.org,Male
560,Cyril,Fockes,cfockesfj@google.it,Male
561,Goober,Knatt,gknattfk@ucsd.edu,Male
562,Agosto,Bumphrey,abumphreyfl@bloglovin.com,Male
563,Genny,Soden,gsodenfm@icio.us,Female
564,Margeaux,Worlidge,mworlidgefn@whitehouse.gov,Female
565,Livia,Jendricke,ljendrickefo@adobe.com,Female
566,Simonette,Whisby,swhisbyfp@oakley.com,Female
567,Bobbe,Heinert,bheinertfq@msn.com,Female
568,Erv,Grouen,egrouenfr@blogspot.com,Male
569,Cortie,Tocque,ctocquefs@privacy.gov.au,Male
570,Kiersten,Gozney,kgozneyft@hatena.ne.jp,Female
571,Boothe,Harnell,bharnellfu@taobao.com,Male
572,Hyacinth,Vokes,hvokesfv@accuweather.com,Female
573,Cherey,Tolson,ctolsonfw@stumbleupon.com,Female
574,Nolly,Blazy,nblazyfx@oracle.com,Male
575,Decca,Pettet,dpettetfy@gmpg.org,Male
576,Abey,Pack,apackfz@huffingtonpost.com,Male
577,Willis,MacIlraith,wmacilraithg0@google.nl,Male
578,Nancee,Downgate,ndowngateg1@foxnews.com,Female
579,Leia,Sorbie,lsorbieg2@cisco.com,Female
580,Selinda,Cartmer,scartmerg3@sbwire.com,Female
581,Gretel,Derby,gderbyg4@mediafire.com,Female
582,Albert,McCafferky,amccafferkyg5@unc.edu,Male
583,Christoffer,Gaunt,cgauntg6@reverbnation.com,Male
584,Baillie,Brabham,bbrabhamg7@nydailynews.com,Male
585,Brendin,Headington,bheadingtong8@eepurl.com,Male
586,Ninnette,Henken,nhenkeng9@tmall.com,Female
587,Mureil,Agnolo,magnologa@google.es,Female
588,Margit,Sherland,msherlandgb@prnewswire.com,Female
589,Jena,Pallatina,jpallatinagc@dailymotion.com,Female
590,Hewet,Quilligan,hquilligangd@plala.or.jp,Male
591,Twila,Ickovic,tickovicge@simplemachines.org,Female
592,Cale,Corbitt,ccorbittgf@constantcontact.com,Male
593,Alvy,Groves,agrovesgg@dailymotion.com,Male
594,Audy,Barrett,abarrettgh@npr.org,Female
595,Davie,Hedgeley,dhedgeleygi@china.com.cn,Male
596,Matthaeus,O'Riordan,moriordangj@narod.ru,Male
597,Danice,Oxshott,doxshottgk@yellowbook.com,Female
598,Micki,Amis,mamisgl@sitemeter.com,Female
599,Jolynn,Lippiello,jlippiellogm@marriott.com,Female
600,Jarib,Dumbreck,jdumbreckgn@sitemeter.com,Male
601,Giulio,Olivera,goliverago@gravatar.com,Male
602,Nappy,Luno,nlunogp@jugem.jp,Male
603,Bonnie,Honeywood,bhoneywoodgq@goo.gl,Female
604,Flossie,Woodley,fwoodleygr@cyberchimps.com,Female
605,Nelia,Annetts,nannettsgs@qq.com,Female
606,Odey,Nulty,onultygt@ow.ly,Male
607,Earvin,Deshon,edeshongu@usgs.gov,Male
608,Oswell,Cockshtt,ocockshttgv@sciencedaily.com,Male
609,Andrey,Buglass,abuglassgw@yelp.com,Male
610,Dillie,Dollard,ddollardgx@dropbox.com,Male
611,Lorette,Le Clercq,lleclercqgy@cnbc.com,Female
612,Daphna,Dofty,ddoftygz@msu.edu,Female
613,Hansiain,Percifer,hperciferh0@gov.uk,Male
614,Jefferson,Antoszewski,jantoszewskih1@msn.com,Male
615,Willyt,Gethen,wgethenh2@cyberchimps.com,Female
616,Sheffie,Moulster,smoulsterh3@jigsy.com,Male
617,Niels,Pasfield,npasfieldh4@senate.gov,Male
618,Jarrid,Kydde,jkyddeh5@furl.net,Male
619,Cassie,Terry,cterryh6@usatoday.com,Female
620,Gamaliel,Acosta,gacostah7@hud.gov,Male
621,Lester,Vicarey,lvicareyh8@stanford.edu,Male
622,Shellie,Rosenblatt,srosenblatth9@purevolume.com,Female
623,Hortensia,Laux,hlauxha@nydailynews.com,Female
624,Uriah,Croad,ucroadhb@hc360.com,Male
625,Laney,Shory,lshoryhc@twitter.com,Male
626,Tadd,Husset,thussethd@unicef.org,Male
627,Laural,Tainton,ltaintonhe@quantcast.com,Female
628,Becca,Borrowman,bborrowmanhf@sbwire.com,Female
629,Scarlet,Kernell,skernellhg@jigsy.com,Female
630,Shermy,Mendel,smendelhh@shutterfly.com,Male
631,Nikoletta,Cawtheray,ncawtherayhi@china.com.cn,Female
632,Francesco,Helleker,fhellekerhj@newsvine.com,Male
633,Delilah,Massow,dmassowhk@gravatar.com,Female
634,Floris,Giggs,fgiggshl@dailymail.co.uk,Female
635,Glenn,Lamblot,glamblothm@yahoo.com,Male
636,Teena,Moorey,tmooreyhn@wiley.com,Female
637,Kerstin,Capelin,kcapelinho@usa.gov,Female
638,Aurie,Poile,apoilehp@cdc.gov,Female
639,Boote,Bodimeade,bbodimeadehq@bandcamp.com,Male
640,Noach,Lissett,nlissetthr@reddit.com,Male
641,Basile,Kyle,bkylehs@fda.gov,Male
642,Nowell,Holehouse,nholehouseht@imgur.com,Male
643,Kin,Lembcke,klembckehu@elpais.com,Male
644,Abie,Snow,asnowhv@xrea.com,Male
645,Thea,Ricca,triccahw@dell.com,Female
646,Frankie,Simka,fsimkahx@tripadvisor.com,Female
647,Neville,Coope,ncoopehy@hud.gov,Male
648,Alvy,Denys,adenyshz@facebook.com,Male
649,Lane,Del Monte,ldelmontei0@sitemeter.com,Male
650,Lorelle,Forsard,lforsardi1@mit.edu,Female
651,Hewett,Mougeot,hmougeoti2@pcworld.com,Male
652,Ardis,Emanuelli,aemanuellii3@diigo.com,Female
653,Patsy,Hanner,phanneri4@domainmarket.com,Male
654,Greg,Du Hamel,gduhameli5@google.co.jp,Male
655,Kaile,Rulten,krulteni6@ycombinator.com,Female
656,Pepe,Cotter,pcotteri7@craigslist.org,Male
657,Elliot,Turnpenny,eturnpennyi8@bluehost.com,Male
658,Augusta,Verring,averringi9@nature.com,Female
659,Galen,Sedgwick,gsedgwickia@cmu.edu,Male
660,Lutero,Brodest,lbrodestib@vinaora.com,Male
661,Charlotte,Forst,cforstic@tinypic.com,Female
662,Birdie,Somerlie,bsomerlieid@wikispaces.com,Female
663,Mack,Halmkin,mhalmkinie@ox.ac.uk,Male
664,Tracy,Liebrecht,tliebrechtif@icio.us,Male
665,Teri,Ambrosi,tambrosiig@purevolume.com,Female
666,Ulrich,Marchington,umarchingtonih@discovery.com,Male
667,Goldy,Stallan,gstallanii@globo.com,Female
668,Gayle,Drover,gdroverij@stanford.edu,Female
669,Elenore,Jellico,ejellicoik@mediafire.com,Female
670,Rachele,Linturn,rlinturnil@jugem.jp,Female
671,Lane,MacLaren,lmaclarenim@cocolog-nifty.com,Male
672,Shanan,Flipek,sflipekin@samsung.com,Male
673,Ariel,Trayford,atrayfordio@google.com.hk,Female
674,Mikkel,Cordeiro,mcordeiroip@sakura.ne.jp,Male
675,Tarra,Warn,twarniq@aol.com,Female
676,Brittany,MacLese,bmacleseir@bizjournals.com,Female
677,Pedro,Munkton,pmunktonis@cocolog-nifty.com,Male
678,Liam,Woodrough,lwoodroughit@marriott.com,Male
679,Gabi,Thorneley,gthorneleyiu@guardian.co.uk,Male
680,Charil,Monteath,cmonteathiv@latimes.com,Female
681,Michale,Hovee,mhoveeiw@rambler.ru,Male
682,Reggie,Lamers,rlamersix@fda.gov,Male
683,Adeline,Lamprecht,alamprechtiy@w3.org,Female
684,Theadora,Brambley,tbrambleyiz@domainmarket.com,Female
685,Frederic,Penwarden,fpenwardenj0@nbcnews.com,Male
686,Wini,Kinsella,wkinsellaj1@netvibes.com,Female
687,Dur,Dobey,ddobeyj2@blog.com,Male
688,Modesty,Andreolli,mandreollij3@t.co,Female
689,Kenny,McSperron,kmcsperronj4@google.cn,Male
690,Adams,Mouth,amouthj5@wikia.com,Male
691,Alex,Meads,ameadsj6@shinystat.com,Female
692,Forrest,Stockell,fstockellj7@huffingtonpost.com,Male
693,Clerkclaude,Polino,cpolinoj8@webnode.com,Male
694,Keary,Burhill,kburhillj9@lulu.com,Male
695,Cherie,Belford,cbelfordja@smugmug.com,Female
696,Lauren,St. Quintin,lstquintinjb@edublogs.org,Male
697,Lorrin,Demead,ldemeadjc@spotify.com,Female
698,Berny,Dundin,bdundinjd@mysql.com,Male
699,Valentijn,Ogdahl,vogdahlje@admin.ch,Male
700,Ailyn,Vallow,avallowjf@apple.com,Female
701,Franz,Maggiori,fmaggiorijg@imdb.com,Male
702,Court,Ollier,collierjh@quantcast.com,Male
703,Charo,Dooley,cdooleyji@loc.gov,Female
704,Willis,Haywood,whaywoodjj@sitemeter.com,Male
705,Patten,Le Port,pleportjk@webeden.co.uk,Male
706,Phillis,Oxer,poxerjl@rediff.com,Female
707,Kimbell,Polendine,kpolendinejm@icq.com,Male
708,Harriet,Polack,hpolackjn@webmd.com,Female
709,Kordula,Baty,kbatyjo@sun.com,Female
710,Colline,Rowly,crowlyjp@jigsy.com,Female
711,Leelah,Fairlie,lfairliejq@bizjournals.com,Female
712,Wilhelmine,Clyma,wclymajr@vimeo.com,Female
713,Drucy,Silburn,dsilburnjs@phoca.cz,Female
714,Carol-jean,Bydaway,cbydawayjt@woothemes.com,Female
715,Michal,Paulley,mpaulleyju@hud.gov,Male
716,Esmeralda,Fredy,efredyjv@livejournal.com,Female
717,Clarita,Cawsy,ccawsyjw@blogtalkradio.com,Female
718,Timotheus,Dymidowicz,tdymidowiczjx@about.com,Male
719,Dukey,Eastbury,deastburyjy@aboutads.info,Male
720,Peggi,Gladbeck,pgladbeckjz@samsung.com,Female
721,Dulcea,Hackly,dhacklyk0@deviantart.com,Female
722,Garrot,Covendon,gcovendonk1@vimeo.com,Male
723,Eugenius,Nigh,enighk2@economist.com,Male
724,Ade,Kiffe,akiffek3@nsw.gov.au,Male
725,Ronalda,Langley,rlangleyk4@mit.edu,Female
726,Lidia,Slaten,lslatenk5@state.tx.us,Female
727,Lisabeth,Sollitt,lsollittk6@ustream.tv,Female
728,Morrie,Andrag,mandragk7@canalblog.com,Male
729,Elwood,Dellow,edellowk8@bbb.org,Male
730,Armand,Johantges,ajohantgesk9@smugmug.com,Male
731,Della,Blesing,dblesingka@cnbc.com,Female
732,Winny,Flegg,wfleggkb@imgur.com,Male
733,Gustaf,Overington,goveringtonkc@ftc.gov,Male
734,Iseabal,Moncrieffe,imoncrieffekd@foxnews.com,Female
735,Layton,Ghione,lghioneke@sciencedaily.com,Male
736,Norrie,Yakovitch,nyakovitchkf@hatena.ne.jp,Female
737,Pattie,Read,preadkg@dell.com,Male
738,Dwight,Blondin,dblondinkh@i2i.jp,Male
739,Marty,Bridat,mbridatki@springer.com,Male
740,Nicolis,Andresser,nandresserkj@answers.com,Male
741,Daven,Shipsey,dshipseykk@hexun.com,Male
742,Sven,Bello,sbellokl@latimes.com,Male
743,Manfred,Burgett,mburgettkm@aboutads.info,Male
744,Whitman,Mullarkey,wmullarkeykn@ucoz.com,Male
745,Hersh,Eccles,hecclesko@omniture.com,Male
746,Guglielma,Bolgar,gbolgarkp@cnbc.com,Female
747,Reginauld,Symers,rsymerskq@yellowpages.com,Male
748,Hugibert,McGuire,hmcguirekr@craigslist.org,Male
749,Karim,Calderon,kcalderonks@amazon.co.uk,Male
750,Herb,Fewtrell,hfewtrellkt@istockphoto.com,Male
751,Wadsworth,Dacca,wdaccaku@cnbc.com,Male
752,Sharline,Cardnell,scardnellkv@amazon.de,Female
753,Neville,Daton,ndatonkw@stanford.edu,Male
754,Emma,Muscroft,emuscroftkx@sfgate.com,Female
755,Veda,Skitral,vskitralky@studiopress.com,Female
756,Vasily,Giorgeschi,vgiorgeschikz@artisteer.com,Male
757,Keene,Bernardin,kbernardinl0@hud.gov,Male
758,Herculie,Kittow,hkittowl1@businessinsider.com,Male
759,Anatol,MacGillicuddy,amacgillicuddyl2@dailymotion.com,Male
760,Tanitansy,Bettlestone,tbettlestonel3@dion.ne.jp,Female
761,Lexis,McRavey,lmcraveyl4@bigcartel.com,Female
762,Bess,Snailham,bsnailhaml5@gizmodo.com,Female
763,Veronique,Braisted,vbraistedl6@youtu.be,Female
764,Rodrique,Pridmore,rpridmorel7@desdev.cn,Male
765,Dniren,Remirez,dremirezl8@google.com.hk,Female
766,Noach,Brundell,nbrundelll9@time.com,Male
767,Peri,Puve,ppuvela@army.mil,Female
768,Cirstoforo,Oleszcuk,coleszcuklb@washingtonpost.com,Male
769,Adrianna,Arlow,aarlowlc@prlog.org,Female
770,Cort,Ivan,civanld@dyndns.org,Male
771,Marv,Roman,mromanle@ezinearticles.com,Male
772,Hyacinthe,Parram,hparramlf@1und1.de,Female
773,Jodee,Crannis,jcrannislg@gov.uk,Female
774,Emmet,Bone,ebonelh@newyorker.com,Male
775,Devy,Yakovl,dyakovlli@java.com,Male
776,Bud,Mapples,bmappleslj@pcworld.com,Male
777,Lurlene,Coil,lcoillk@wiley.com,Female
778,Geri,Fakes,gfakesll@sbwire.com,Male
779,Pauli,Alcide,palcidelm@answers.com,Female
780,Elset,Jerman,ejermanln@state.gov,Female
781,Chaddie,Blunsen,cblunsenlo@usnews.com,Male
782,Ruprecht,Linfield,rlinfieldlp@techcrunch.com,Male
783,Kennith,Accombe,kaccombelq@ox.ac.uk,Male
784,Cecile,Roadknight,croadknightlr@youtu.be,Female
785,Hillel,Cicconetti,hcicconettils@nbcnews.com,Male
786,Tawnya,Dyott,tdyottlt@webnode.com,Female
787,Tremain,Barthrup,tbarthruplu@umn.edu,Male
788,Owen,Partridge,opartridgelv@virginia.edu,Male
789,Garek,Zamorano,gzamoranolw@indiatimes.com,Male
790,Nessie,Pencost,npencostlx@ehow.com,Female
791,Akim,Giorgione,agiorgionely@webmd.com,Male
792,Brock,Arundel,barundellz@gmpg.org,Male
793,Stavros,Geraldini,sgeraldinim0@jiathis.com,Male
794,Leonerd,Jephcote,ljephcotem1@printfriendly.com,Male
795,Traci,Falconbridge,tfalconbridgem2@marketwatch.com,Female
796,Tony,Ponter,tponterm3@xing.com,Male
797,Anderea,Nutman,anutmanm4@newsvine.com,Female
798,Sukey,Eatttok,seatttokm5@jimdo.com,Female
799,Casey,Caulliere,ccaullierem6@gmpg.org,Male
800,Raina,Pirolini,rpirolinim7@vinaora.com,Female
801,Elyssa,Smouten,esmoutenm8@pinterest.com,Female
802,Wolfgang,Hanhart,whanhartm9@hubpages.com,Male
803,Charlton,Normaville,cnormavillema@posterous.com,Male
804,Kenn,Ledamun,kledamunmb@friendfeed.com,Male
805,Bride,Surfleet,bsurfleetmc@qq.com,Female
806,Devon,Bisatt,dbisattmd@discovery.com,Female
807,Robenia,Vallantine,rvallantineme@accuweather.com,Female
808,Bordy,Gillings,bgillingsmf@geocities.com,Male
809,Andrus,Pennacci,apennaccimg@uiuc.edu,Male
810,Kizzie,Wallenger,kwallengermh@oaic.gov.au,Female
811,Archibold,Parkyns,aparkynsmi@businessweek.com,Male
812,Chip,Gibke,cgibkemj@free.fr,Male
813,Daisie,Womersley,dwomersleymk@comsenz.com,Female
814,Cinnamon,Lewens,clewensml@fema.gov,Female
815,Dudley,Petrov,dpetrovmm@opera.com,Male
816,Terry,Clemmensen,tclemmensenmn@constantcontact.com,Male
817,Isaiah,Bonfield,ibonfieldmo@alexa.com,Male
818,Berna,Atack,batackmp@cdc.gov,Female
819,Fonzie,Sutch,fsutchmq@google.de,Male
820,Ludwig,Josefer,ljosefermr@virginia.edu,Male
821,Burlie,Capon,bcaponms@hhs.gov,Male
822,Nikkie,Askam,naskammt@dyndns.org,Female
823,Jayme,Tetsall,jtetsallmu@google.es,Female
824,Auberta,Aguirre,aaguirremv@goo.ne.jp,Female
825,Chen,McMeekin,cmcmeekinmw@bloglovin.com,Male
826,Maurine,Osanne,mosannemx@usa.gov,Female
827,Petunia,Eynald,peynaldmy@vimeo.com,Female
828,Raven,Longina,rlonginamz@sakura.ne.jp,Female
829,Rickard,Bellamy,rbellamyn0@jugem.jp,Male
830,Amery,Hause,ahausen1@economist.com,Male
831,Pamela,Rolfe,prolfen2@fc2.com,Female
832,Carlie,Parzizek,cparzizekn3@bloglines.com,Female
833,Briggs,Clayal,bclayaln4@intel.com,Male
834,Norris,MacBey,nmacbeyn5@discuz.net,Male
835,Zaccaria,Davenall,zdavenalln6@oakley.com,Male
836,Munroe,Gepson,mgepsonn7@jigsy.com,Male
837,Mart,Altimas,maltimasn8@dagondesign.com,Male
838,Muffin,Brotherwood,mbrotherwoodn9@yellowpages.com,Male
839,Ollie,McGloughlin,omcgloughlinna@globo.com,Male
840,Vanessa,Clissell,vclissellnb@usatoday.com,Female
841,Kirsteni,Serle,kserlenc@devhub.com,Female
842,Lorena,Simmon,lsimmonnd@si.edu,Female
843,Lanita,Labrenz,llabrenzne@patch.com,Female
844,Roze,Grimwade,rgrimwadenf@sitemeter.com,Female
845,Noelani,Grund,ngrundng@salon.com,Female
846,Humfrid,Stent,hstentnh@businesswire.com,Male
847,Osgood,Littlewood,olittlewoodni@cnet.com,Male
848,Hussein,Raoux,hraouxnj@typepad.com,Male
849,Humberto,Tame,htamenk@paginegialle.it,Male
850,Vita,Crose,vcrosenl@drupal.org,Female
851,Simonne,Glendining,sglendiningnm@goo.gl,Female
852,Dev,Dybald,ddybaldnn@godaddy.com,Male
853,Nikaniki,Sweatman,nsweatmanno@over-blog.com,Female
854,Sherill,Jacox,sjacoxnp@typepad.com,Female
855,Roscoe,Shreeve,rshreevenq@tiny.cc,Male
856,Griffy,Keynes,gkeynesnr@google.es,Male
857,Chrisy,MacGillespie,cmacgillespiens@prweb.com,Male
858,Duffie,Matthius,dmatthiusnt@slate.com,Male
859,Gregg,Yedall,gyedallnu@printfriendly.com,Male
860,Ingrim,Mathelon,imathelonnv@sun.com,Male
861,Laird,Jenkin,ljenkinnw@cafepress.com,Male
862,Luce,Lago,llagonx@tinypic.com,Male
863,Loy,McKain,lmckainny@free.fr,Male
864,Ebeneser,Figgen,efiggennz@usda.gov,Male
865,Luigi,Whisby,lwhisbyo0@upenn.edu,Male
866,Rori,Di Domenico,rdidomenicoo1@addthis.com,Female
867,Orton,Laker,olakero2@upenn.edu,Male
868,Celinka,Kitchener,ckitchenero3@skyrock.com,Female
869,Bobinette,Bolliver,bbollivero4@ifeng.com,Female
870,Rafe,Hayhurst,rhayhursto5@tuttocitta.it,Male
871,Anitra,Sommerton,asommertono6@livejournal.com,Female
872,Goran,Mitkcov,gmitkcovo7@ucla.edu,Male
873,Phebe,Southernwood,psouthernwoodo8@google.com.br,Female
874,Milty,Gritsaev,mgritsaevo9@berkeley.edu,Male
875,Felita,Van Der Vlies,fvandervliesoa@tinypic.com,Female
876,Vivien,Pech,vpechob@bbb.org,Female
877,Arny,Feckey,afeckeyoc@cafepress.com,Male
878,Tandie,Klaesson,tklaessonod@mit.edu,Female
879,Mara,Ameer-Beg,mameerbegoe@sina.com.cn,Female
880,Izak,Gradly,igradlyof@php.net,Male
881,Mitchell,Ronchka,mronchkaog@umn.edu,Male
882,Milissent,Guppey,mguppeyoh@artisteer.com,Female
883,Jule,Ledley,jledleyoi@posterous.com,Male
884,Nichole,McCarrell,nmccarrelloj@washington.edu,Male
885,Nelly,Clac,nclacok@cbslocal.com,Female
886,Rebbecca,Malim,rmalimol@jigsy.com,Female
887,Nikolia,Tomanek,ntomanekom@tripod.com,Female
888,Bradney,Cuttle,bcuttleon@bloglines.com,Male
889,Jed,Cowan,jcowanoo@amazonaws.com,Male
890,El,Brymner,ebrymnerop@globo.com,Male
891,Mireielle,Binder,mbinderoq@naver.com,Female
892,Blithe,O'Neill,boneillor@is.gd,Female
893,Rufus,Sollitt,rsollittos@smugmug.com,Male
894,Viv,Morefield,vmorefieldot@army.mil,Female
895,Melva,Kennford,mkennfordou@timesonline.co.uk,Female
896,Maurizia,Hellewell,mhellewellov@economist.com,Female
897,Else,Stansbury,estansburyow@uol.com.br,Female
898,Osbert,Cullity,ocullityox@independent.co.uk,Male
899,Lavinia,Odd,loddoy@behance.net,Female
900,Sheena,Tolchar,stolcharoz@sitemeter.com,Female
901,Robbin,Marshfield,rmarshfieldp0@reddit.com,Female
902,Padraig,Benninger,pbenningerp1@yellowbook.com,Male
903,Tuck,Theze,tthezep2@samsung.com,Male
904,Randal,Tredinnick,rtredinnickp3@unesco.org,Male
905,Candida,Ewbanke,cewbankep4@nyu.edu,Female
906,Cammy,McColley,cmccolleyp5@liveinternet.ru,Female
907,Gaby,Chappel,gchappelp6@squidoo.com,Female
908,Nichols,Twinberrow,ntwinberrowp7@bbb.org,Male
909,Babette,Ketts,bkettsp8@arizona.edu,Female
910,Gunar,Volker,gvolkerp9@patch.com,Male
911,Yetty,Clayhill,yclayhillpa@abc.net.au,Female
912,Garik,Fairburn,gfairburnpb@blogger.com,Male
913,Flor,Rockhall,frockhallpc@businessweek.com,Female
914,Sheilakathryn,Vardey,svardeypd@wordpress.org,Female
915,Aldous,Gunderson,agundersonpe@washington.edu,Male
916,Consolata,ducarme,cducarmepf@squidoo.com,Female
917,Cece,Radke,cradkepg@reverbnation.com,Male
918,Zelda,Blunden,zblundenph@baidu.com,Female
919,Faustina,Cormack,fcormackpi@telegraph.co.uk,Female
920,Shelton,Cheeke,scheekepj@reference.com,Male
921,Christopher,Goodier,cgoodierpk@xrea.com,Male
922,Zelda,Phayre,zphayrepl@hhs.gov,Female
923,Rolph,Dubbin,rdubbinpm@github.io,Male
924,Enrico,Fishlee,efishleepn@uiuc.edu,Male
925,Dennis,Ick,dickpo@washington.edu,Male
926,Kiele,Caizley,kcaizleypp@japanpost.jp,Female
927,Hansiain,Lashbrook,hlashbrookpq@netlog.com,Male
928,Rhodie,Abbyss,rabbysspr@simplemachines.org,Female
929,Violetta,Rugieri,vrugierips@gmpg.org,Female
930,Shell,Valentinetti,svalentinettipt@elegantthemes.com,Female
931,Sherill,Surr,ssurrpu@freewebs.com,Female
932,Chandra,Timbrell,ctimbrellpv@networksolutions.com,Female
933,Templeton,Izachik,tizachikpw@vimeo.com,Male
934,Janek,Zebedee,jzebedeepx@nps.gov,Male
935,Bennie,Wiltshaw,bwiltshawpy@guardian.co.uk,Male
936,Charmian,Foskin,cfoskinpz@bbc.co.uk,Female
937,Rooney,Duligall,rduligallq0@paginegialle.it,Male
938,Beryl,Gilleon,bgilleonq1@columbia.edu,Female
939,Colet,Riggs,criggsq2@typepad.com,Male
940,Halsy,Stearne,hstearneq3@moonfruit.com,Male
941,Ogdan,Thorpe,othorpeq4@deliciousdays.com,Male
942,Kenny,Footer,kfooterq5@wufoo.com,Male
943,Ermengarde,Elliot,eelliotq6@nytimes.com,Female
944,Gwennie,Berget,gbergetq7@constantcontact.com,Female
945,Shannen,Vernon,svernonq8@liveinternet.ru,Female
946,Nana,Goater,ngoaterq9@elegantthemes.com,Female
947,Rycca,Apedaile,rapedaileqa@google.nl,Female
948,Dewitt,Birmingham,dbirminghamqb@walmart.com,Male
949,Andrea,Ventom,aventomqc@bizjournals.com,Male
950,Geri,Hamor,ghamorqd@techcrunch.com,Male
951,Ulla,Palmar,upalmarqe@mediafire.com,Female
952,York,Sommerfeld,ysommerfeldqf@cnbc.com,Male
953,Humphrey,Attew,hattewqg@indiatimes.com,Male
954,Gertrude,Leyton,gleytonqh@xrea.com,Female
955,Janie,Pavlenkov,jpavlenkovqi@webmd.com,Female
956,Irvin,Stapels,istapelsqj@yandex.ru,Male
957,Caroljean,Schreurs,cschreursqk@youtu.be,Female
958,Goldarina,Cornuau,gcornuauql@barnesandnoble.com,Female
959,Alanah,Eykelhof,aeykelhofqm@diigo.com,Female
960,Greer,Marcome,gmarcomeqn@lycos.com,Female
961,Rutledge,Toderbrugge,rtoderbruggeqo@gov.uk,Male
962,Cyndie,Sorley,csorleyqp@surveymonkey.com,Female
963,Zacharias,Gaskin,zgaskinqq@fda.gov,Male
964,Farly,Hardiman,fhardimanqr@a8.net,Male
965,Arliene,Yurlov,ayurlovqs@bigcartel.com,Female
966,Violetta,Simoneau,vsimoneauqt@goo.gl,Female
967,Erwin,Albasiny,ealbasinyqu@yellowbook.com,Male
968,Andy,Barnett,abarnettqv@hhs.gov,Female
969,Rhianna,Shoobridge,rshoobridgeqw@yale.edu,Female
970,Hugo,Smallbone,hsmallboneqx@si.edu,Male
971,Faythe,McJury,fmcjuryqy@google.de,Female
972,Nelia,Massimi,nmassimiqz@ed.gov,Female
973,Bendix,Lamcken,blamckenr0@admin.ch,Male
974,Lorianne,Serrurier,lserrurierr1@google.com,Female
975,Pace,MacGille,pmacgiller2@jugem.jp,Male
976,Regina,Strahan,rstrahanr3@msu.edu,Female
977,Dannye,Capstake,dcapstaker4@shinystat.com,Female
978,Edd,Jeppensen,ejeppensenr5@homestead.com,Male
979,Bryant,Dunleavy,bdunleavyr6@soup.io,Male
980,Harrie,Guille,hguiller7@flickr.com,Female
981,Tory,Dreus,tdreusr8@com.com,Female
982,Hazel,Inchboard,hinchboardr9@multiply.com,Male
983,Matthiew,Vasilechko,mvasilechkora@friendfeed.com,Male
984,Derry,Hawgood,dhawgoodrb@amazon.co.uk,Male
985,Cale,Firks,cfirksrc@google.de,Male
986,Ilise,Dericut,idericutrd@newsvine.com,Female
987,Antonin,Camble,acamblere@hc360.com,Male
988,Burt,Wennington,bwenningtonrf@bloglovin.com,Male
989,Jackqueline,Hakking,jhakkingrg@infoseek.co.jp,Female
990,Arther,Egerton,aegertonrh@weibo.com,Male
991,Fania,Fardo,ffardori@epa.gov,Female
992,Chrissie,Grieves,cgrievesrj@hud.gov,Male
993,Rudolf,Bradfield,rbradfieldrk@yelp.com,Male
994,Imogene,Tremblay,itremblayrl@mlb.com,Female
995,Rosette,Licciardiello,rlicciardiellorm@rambler.ru,Female
996,Joye,Abele,jabelern@wix.com,Female
997,Donni,Breacher,dbreacherro@lycos.com,Female
998,Lauren,Bowman,lbowmanrp@netvibes.com,Female
999,Tiebold,Arend,tarendrq@wikipedia.org,Male
1000,Beck,Wickwarth,bwickwarthrr@pinterest.com,Male
