id,first_name,last_name,email,gender,ip_address
1,Kevin,Elkington,kelkington0@mysql.com,Male,203.43.52.105
2,Benson,Fluger,bfluger1@discovery.com,Male,75.196.248.121
3,Lamond,Olenichev,lolenichev2@state.gov,Male,144.22.157.246
4,Ariella,Rispin,arispin3@slideshare.net,Female,2.204.86.193
5,Broddie,Longhurst,blonghurst4@marriott.com,Male,173.184.240.15
6,Binny,Painten,bpainten5@kickstarter.com,Female,119.69.211.14
7,Anastasia,Grennan,agrennan6@latimes.com,Female,136.139.150.220
8,Eugenio,Kisbee,ekisbee7@hostgator.com,Male,49.102.156.205
9,Kenna,Hammonds,khammonds8@163.com,Female,184.140.122.227
10,Leighton,Skilling,lskilling9@goo.gl,Male,104.179.199.23
11,Fernanda,Baldock,fbaldocka@accuweather.com,Female,228.133.172.55
12,Norri,Wabe,nwabeb@domainmarket.com,Female,251.125.199.20
13,Farica,Nind,fnindc@woothemes.com,Female,17.49.212.7
14,Ardyth,Lukasen,alukasend@altervista.org,Female,8.125.242.197
15,Ulises,Veall,uvealle@de.vu,Male,128.177.169.20
16,Wiatt,Rozec,wrozecf@eepurl.com,Male,198.138.73.28
17,Wilmer,Conquer,wconquerg@freewebs.com,Male,114.128.75.86
18,Fanny,Kezar,fkezarh@cdbaby.com,Female,91.213.16.242
19,Flossy,Gonnel,fgonneli@archive.org,Female,228.149.10.245
20,Bay,Keane,bkeanej@creativecommons.org,Male,89.70.57.0
21,Quinton,Saltwell,qsaltwellk@discovery.com,Male,56.37.162.37
22,Albertine,Mursell,amurselll@tinyurl.com,Female,34.36.80.28
23,Cher,Filinkov,cfilinkovm@livejournal.com,Female,74.146.236.45
24,Lelia,Rittmeier,lrittmeiern@youtu.be,Female,218.146.128.87
25,Emelen,Kibblewhite,ekibblewhiteo@timesonline.co.uk,Male,74.48.190.182
26,Walden,Shackesby,wshackesbyp@1und1.de,Male,123.38.21.215
27,Gabby,Orrey,gorreyq@elpais.com,Male,138.139.125.102
28,Malvina,Revell,mrevellr@hexun.com,Female,8.16.193.168
29,Jeni,Boggers,jboggerss@dedecms.com,Female,134.107.28.129
30,Osgood,Hatherleigh,ohatherleight@gizmodo.com,Male,123.88.54.243
31,Jan,Gagg,jgaggu@shutterfly.com,Male,89.109.245.171
32,Sydelle,Livett,slivettv@clickbank.net,Female,47.182.200.4
33,Weber,Byram,wbyramw@wordpress.org,Male,66.166.117.123
34,Rosanna,Lutzmann,rlutzmannx@last.fm,Female,228.72.164.148
35,Christa,Dany,cdanyy@amazon.co.jp,Female,185.128.216.157
36,Saundra,Boorman,sboormanz@ted.com,Female,169.198.206.79
37,Torry,Hinkley,thinkley10@paginegialle.it,Male,200.14.26.31
38,Alvie,Mohun,amohun11@uiuc.edu,Male,122.124.229.187
39,Bunnie,Verity,bverity12@chicagotribune.com,Female,133.166.212.50
40,Lori,McCauley,lmccauley13@slideshare.net,Female,220.254.13.95
41,Niven,Bentz,nbentz14@msu.edu,Male,236.57.205.6
42,Teddy,Minker,tminker15@businesswire.com,Male,120.155.97.42
43,Othella,Benn,obenn16@infoseek.co.jp,Female,99.62.194.133
44,Robby,Mackerness,rmackerness17@delicious.com,Female,76.12.122.57
45,Inge,Mellish,imellish18@blinklist.com,Female,82.106.15.110
46,Ambrosi,Galer,agaler19@lulu.com,Male,245.242.196.225
47,Maurine,Piscopello,mpiscopello1a@europa.eu,Female,27.118.226.109
48,Smith,Mattielli,smattielli1b@epa.gov,Male,51.137.222.64
49,Ladonna,Franklin,lfranklin1c@squarespace.com,Female,26.14.35.144
50,Isidor,Crace,icrace1d@pagesperso-orange.fr,Male,209.219.50.77
51,Carmita,Sherrington,csherrington1e@npr.org,Female,107.213.198.115
52,Tomasina,Rosenwasser,trosenwasser1f@shop-pro.jp,Female,231.129.6.209
53,Grady,Apfelmann,gapfelmann1g@constantcontact.com,Male,87.161.72.50
54,Inigo,Hyder,ihyder1h@printfriendly.com,Male,207.204.164.231
55,Timothea,Kington,tkington1i@apache.org,Female,26.115.120.176
56,Garvy,Thomann,gthomann1j@huffingtonpost.com,Male,135.31.100.177
57,Bryn,Khadir,bkhadir1k@army.mil,Female,80.226.186.8
58,Daryl,Roullier,droullier1l@elegantthemes.com,Male,155.157.242.138
59,Morry,Goodlatt,mgoodlatt1m@tuttocitta.it,Male,130.97.91.41
60,Natty,Gaze,ngaze1n@instagram.com,Male,209.229.212.147
61,Gherardo,Beardsley,gbeardsley1o@smugmug.com,Male,180.76.243.127
62,Leanna,Rogerson,lrogerson1p@msu.edu,Female,43.206.4.251
63,Martainn,Wilby,mwilby1q@mapquest.com,Male,50.103.35.36
64,Marcellina,Houldey,mhouldey1r@constantcontact.com,Female,34.56.223.249
65,Sandi,Woltering,swoltering1s@sciencedirect.com,Female,137.185.231.121
66,Aaron,Kemball,akemball1t@g.co,Male,4.145.133.63
67,Zarah,Weddup,zweddup1u@imgur.com,Female,227.3.95.53
68,Mabelle,D'Aeth,mdaeth1v@360.cn,Female,92.54.153.17
69,Nathaniel,Pardi,npardi1w@newsvine.com,Male,53.78.69.119
70,Guillermo,Dollard,gdollard1x@xrea.com,Male,187.26.95.27
71,Catlee,Ponnsett,cponnsett1y@chron.com,Female,229.131.176.166
72,Ike,Rutland,irutland1z@flavors.me,Male,84.229.53.141
73,Venus,Speddin,vspeddin20@myspace.com,Female,197.240.22.3
74,Ricki,Bullerwell,rbullerwell21@macromedia.com,Female,16.11.132.16
75,Charla,Herety,cherety22@marriott.com,Female,199.40.89.239
76,Helenelizabeth,Matyushenko,hmatyushenko23@oaic.gov.au,Female,152.105.220.211
77,Katharine,De Pero,kdepero24@washington.edu,Female,127.237.56.160
78,Mel,Barlow,mbarlow25@scientificamerican.com,Male,119.40.130.1
79,Sharai,Gadault,sgadault26@hibu.com,Female,244.4.20.74
80,Mozelle,Kibbye,mkibbye27@bloglovin.com,Female,220.65.179.197
81,Peirce,Lannon,plannon28@etsy.com,Male,125.30.231.40
82,Rhys,Maplethorp,rmaplethorp29@cmu.edu,Male,139.47.243.69
83,Urbain,Brisson,ubrisson2a@ezinearticles.com,Male,5.195.207.134
84,Field,Readmire,freadmire2b@google.de,Male,20.152.145.69
85,Nolan,Baudon,nbaudon2c@wikispaces.com,Male,118.60.43.204
86,Dannel,Bousfield,dbousfield2d@macromedia.com,Male,129.109.80.195
87,Ileane,Yanez,iyanez2e@altervista.org,Female,166.97.166.46
88,Elvin,Rutley,erutley2f@meetup.com,Male,181.56.122.169
89,Alwyn,Crowe,acrowe2g@netlog.com,Male,140.95.95.203
90,Daffy,Harmour,dharmour2h@imgur.com,Female,142.27.23.29
91,Tarra,Teml,tteml2i@discovery.com,Female,60.98.150.35
92,Xerxes,Shorland,xshorland2j@jigsy.com,Male,16.36.75.250
93,Ranna,Custance,rcustance2k@aol.com,Female,158.177.194.46
94,Wilt,Benwell,wbenwell2l@canalblog.com,Male,222.94.194.251
95,Elizabeth,Floodgate,efloodgate2m@adobe.com,Female,60.2.99.196
96,Gert,Tedahl,gtedahl2n@baidu.com,Female,204.236.161.125
97,Forrest,Thompson,fthompson2o@zimbio.com,Male,191.96.219.56
98,Stormy,Van Geffen,svangeffen2p@reddit.com,Female,79.220.233.57
99,Bryce,Kinde,bkinde2q@goo.ne.jp,Male,218.36.8.179
100,Hannie,O'Hallagan,hohallagan2r@facebook.com,Female,83.118.182.147
101,Dorthy,Monk,dmonk2s@amazon.co.uk,Female,126.77.88.162
102,Fairfax,Mortell,fmortell2t@surveymonkey.com,Male,247.236.116.192
103,Gail,Baroch,gbaroch2u@amazon.co.uk,Female,23.192.133.129
104,Maegan,Carmichael,mcarmichael2v@yelp.com,Female,39.186.66.210
105,Lori,Siggery,lsiggery2w@webeden.co.uk,Female,17.158.15.227
106,Geoff,MacCafferky,gmaccafferky2x@google.ru,Male,78.169.81.162
107,Whitman,Barrim,wbarrim2y@github.io,Male,231.244.83.163
108,Shel,Dashkovich,sdashkovich2z@google.de,Female,251.122.83.233
109,Nicoline,Emeline,nemeline30@stanford.edu,Female,134.194.43.213
110,Avram,Hamflett,ahamflett31@prweb.com,Male,136.80.120.181
111,Roi,Varfolomeev,rvarfolomeev32@geocities.jp,Male,94.97.253.17
112,Jobyna,Robertsson,jrobertsson33@istockphoto.com,Female,72.0.213.159
113,Thaxter,Smith,tsmith34@fema.gov,Male,220.226.58.236
114,Dehlia,Delahunt,ddelahunt35@stumbleupon.com,Female,151.165.165.28
115,Raffarty,Blackwell,rblackwell36@furl.net,Male,169.107.130.22
116,Marietta,Axup,maxup37@google.cn,Male,241.170.213.13
117,Theodosia,Huzzay,thuzzay38@weebly.com,Female,24.243.211.152
118,Shina,Ryton,sryton39@parallels.com,Female,16.52.103.6
119,Jorry,Wanstall,jwanstall3a@wp.com,Female,44.72.246.122
120,Leonidas,Mairs,lmairs3b@marketwatch.com,Male,63.195.215.29
121,Elicia,Saurin,esaurin3c@intel.com,Female,253.7.44.22
122,Ethelind,MacVean,emacvean3d@walmart.com,Female,207.183.222.80
123,Coleman,Medford,cmedford3e@dagondesign.com,Male,50.60.25.231
124,Tristan,Shaxby,tshaxby3f@lycos.com,Male,16.54.56.250
125,Kennedy,Jery,kjery3g@walmart.com,Male,124.65.60.86
126,Fergus,Waddams,fwaddams3h@hc360.com,Male,105.204.248.27
127,Marcy,Foulger,mfoulger3i@goo.ne.jp,Female,49.231.58.135
128,Dody,Hallad,dhallad3j@nature.com,Female,179.186.222.120
129,Gerta,Lagneaux,glagneaux3k@archive.org,Female,229.165.152.32
130,Gwyneth,Kempster,gkempster3l@irs.gov,Female,54.37.233.89
131,Valaree,Krier,vkrier3m@blog.com,Female,187.36.162.141
132,Shell,Muehler,smuehler3n@scribd.com,Male,135.109.129.109
133,Ninon,Remmers,nremmers3o@domainmarket.com,Female,190.181.170.77
134,Royall,Karsh,rkarsh3p@youtube.com,Male,158.87.211.2
135,Lewiss,Challice,lchallice3q@goo.gl,Male,189.74.133.53
136,Elana,Koeppke,ekoeppke3r@ted.com,Female,3.66.23.55
137,Lindy,Heck,lheck3s@guardian.co.uk,Male,235.146.73.131
138,Toddie,Webburn,twebburn3t@desdev.cn,Male,90.35.66.179
139,Kahlil,Gann,kgann3u@slate.com,Male,225.247.185.56
140,Emmie,Cleaveland,ecleaveland3v@rakuten.co.jp,Female,80.28.147.72
141,Liane,Amaya,lamaya3w@ning.com,Female,206.242.81.92
142,Edsel,Cowdry,ecowdry3x@nyu.edu,Male,40.97.138.217
143,Chester,McKerlie,cmckerlie3y@youtube.com,Male,80.66.117.248
144,Friederike,Bittany,fbittany3z@altervista.org,Female,222.8.236.98
145,Moshe,Raynard,mraynard40@arstechnica.com,Male,41.19.175.105
146,Gertrude,Summergill,gsummergill41@hp.com,Female,161.37.37.60
147,Hamish,Rockell,hrockell42@yandex.ru,Male,39.34.163.181
148,Ronalda,Fraser,rfraser43@auda.org.au,Female,194.187.135.179
149,Haywood,Waiting,hwaiting44@reference.com,Male,35.190.242.192
150,Russ,Polo,rpolo45@purevolume.com,Male,76.153.226.214
151,Florencia,Yerrill,fyerrill46@independent.co.uk,Female,206.159.16.96
152,Meghan,Fedorchenko,mfedorchenko47@wsj.com,Female,5.122.116.129
153,Durand,Francais,dfrancais48@slashdot.org,Male,232.237.145.145
154,Daile,Lidgate,dlidgate49@dot.gov,Female,203.201.114.222
155,Gustavus,Scutts,gscutts4a@sphinn.com,Male,39.99.190.143
156,Tull,Fitzmaurice,tfitzmaurice4b@nasa.gov,Male,201.199.162.178
157,Brooks,Kibel,bkibel4c@sbwire.com,Male,164.188.53.49
158,Sibelle,Ardley,sardley4d@ifeng.com,Female,15.96.204.237
159,Ken,Langrick,klangrick4e@aol.com,Male,200.69.93.209
160,Kerrie,Tedstone,ktedstone4f@ebay.com,Female,9.114.122.67
161,Moe,Longshaw,mlongshaw4g@skyrock.com,Male,202.152.115.17
162,Gretal,Humpherston,ghumpherston4h@surveymonkey.com,Female,186.140.236.254
163,Prue,O'Neil,poneil4i@google.co.uk,Female,156.179.233.248
164,Lester,Semper,lsemper4j@home.pl,Male,38.95.199.61
165,Ree,Osgorby,rosgorby4k@cdbaby.com,Female,65.146.232.91
166,Bendix,Early,bearly4l@free.fr,Male,110.15.10.196
167,Vale,Raymont,vraymont4m@toplist.cz,Male,147.31.69.231
168,Kellen,Cassella,kcassella4n@hostgator.com,Female,58.26.144.79
169,Faber,Weymont,fweymont4o@wikispaces.com,Male,57.163.145.188
170,Aubrey,McInteer,amcinteer4p@reference.com,Female,218.151.212.39
171,Byrom,Adamthwaite,badamthwaite4q@who.int,Male,236.198.212.158
172,Keir,O'Currane,kocurrane4r@google.it,Male,192.163.240.213
173,Anallise,Blindt,ablindt4s@google.com,Female,204.32.178.223
174,Fabian,Padden,fpadden4t@ucla.edu,Male,51.28.29.205
175,Lon,Dawtry,ldawtry4u@google.ru,Male,39.132.247.70
176,Anne,Callard,acallard4v@163.com,Female,148.88.168.204
177,Ernest,Styan,estyan4w@woothemes.com,Male,213.108.171.115
178,Frayda,Alvey,falvey4x@economist.com,Female,209.182.135.127
179,Milzie,Russam,mrussam4y@engadget.com,Female,187.64.16.100
180,Gwenore,McLardie,gmclardie4z@hibu.com,Female,243.207.27.214
181,Jennette,Winchurst,jwinchurst50@senate.gov,Female,250.47.153.99
182,Gertrude,Hoxey,ghoxey51@marketwatch.com,Female,245.23.22.173
183,Cly,Pietzker,cpietzker52@techcrunch.com,Male,201.119.11.112
184,Candi,Le Fleming,clefleming53@vkontakte.ru,Female,81.224.208.240
185,Abran,Jane,ajane54@europa.eu,Male,36.122.195.10
186,Auguste,Gerault,agerault55@blinklist.com,Female,20.2.33.112
187,Garvey,Woodroff,gwoodroff56@tinypic.com,Male,139.77.172.245
188,Isaak,Huffadine,ihuffadine57@canalblog.com,Male,132.182.31.11
189,Reilly,Yarn,ryarn58@reddit.com,Male,151.119.224.148
190,Teador,Scotchbourouge,tscotchbourouge59@aboutads.info,Male,7.29.4.240
191,Arlina,Derry,aderry5a@bing.com,Female,210.35.199.27
192,Con,Dimmne,cdimmne5b@smh.com.au,Female,3.234.14.181
193,Maud,Pickvance,mpickvance5c@skyrock.com,Female,225.60.230.35
194,Camala,Hallgate,challgate5d@t-online.de,Female,219.198.75.194
195,Dieter,Bresner,dbresner5e@nytimes.com,Male,84.181.112.144
196,Bengt,Beddie,bbeddie5f@wunderground.com,Male,126.236.241.46
197,Dorian,Goschalk,dgoschalk5g@forbes.com,Female,56.74.55.115
198,Win,Huonic,whuonic5h@nbcnews.com,Male,220.181.203.160
199,Heall,Jochen,hjochen5i@redcross.org,Male,9.175.108.140
200,Dore,Espinola,despinola5j@netscape.com,Female,79.62.48.173
201,Tynan,Liebermann,tliebermann5k@bizjournals.com,Male,167.72.113.203
202,Darrel,Alessandrucci,dalessandrucci5l@walmart.com,Male,158.255.178.93
203,Lettie,Van Daalen,lvandaalen5m@geocities.com,Female,46.223.55.219
204,Dallas,Striker,dstriker5n@skype.com,Female,52.152.235.235
205,Marten,Rosberg,mrosberg5o@gmpg.org,Male,35.241.182.16
206,Natty,Giggs,ngiggs5p@pagesperso-orange.fr,Male,116.159.193.161
207,Karina,Gunney,kgunney5q@illinois.edu,Female,129.95.149.174
208,Cyrill,Iveagh,civeagh5r@google.nl,Male,46.181.228.30
209,Irvin,Chitham,ichitham5s@sun.com,Male,160.76.154.20
210,Demetre,Manthroppe,dmanthroppe5t@opera.com,Male,171.3.80.129
211,Ashia,deKnevet,adeknevet5u@dmoz.org,Female,145.241.40.86
212,Lotty,Boarer,lboarer5v@hostgator.com,Female,227.244.183.73
213,Dael,Geraud,dgeraud5w@shutterfly.com,Male,63.55.154.111
214,Baron,Archanbault,barchanbault5x@mayoclinic.com,Male,96.225.71.54
215,Rossie,Wegner,rwegner5y@discovery.com,Male,230.247.89.191
216,King,McGenis,kmcgenis5z@virginia.edu,Male,199.81.42.128
217,Colene,Yuryev,cyuryev60@cbsnews.com,Female,31.140.122.18
218,Perceval,Else,pelse61@example.com,Male,227.204.218.176
219,Sly,Mechem,smechem62@reuters.com,Male,59.225.217.189
220,Sidoney,Breydin,sbreydin63@gizmodo.com,Female,117.236.197.96
221,Daven,Hartas,dhartas64@sitemeter.com,Male,74.61.140.71
222,Berne,Chitham,bchitham65@comcast.net,Male,89.85.204.175
223,Carleton,Triplett,ctriplett66@yahoo.com,Male,237.67.155.248
224,Cher,Buffy,cbuffy67@webeden.co.uk,Female,89.240.224.14
225,Chance,Scoggins,cscoggins68@is.gd,Male,235.138.240.82
226,Ashlin,Mallord,amallord69@google.com.br,Male,222.200.97.254
227,Sergio,Turford,sturford6a@booking.com,Male,196.0.79.52
228,Modestia,Dunster,mdunster6b@biblegateway.com,Female,115.21.39.152
229,Roxi,Botfield,rbotfield6c@meetup.com,Female,142.190.165.248
230,Jakie,Izakoff,jizakoff6d@abc.net.au,Male,146.4.246.230
231,Aimee,Benoey,abenoey6e@ed.gov,Female,255.22.49.235
232,Kale,Keoghan,kkeoghan6f@vimeo.com,Male,112.166.182.97
233,Brit,Morrad,bmorrad6g@google.fr,Female,156.232.121.175
234,Carmen,Ivetts,civetts6h@wikia.com,Female,87.26.105.189
235,Hilliard,Coxall,hcoxall6i@nyu.edu,Male,20.174.222.207
236,Tonnie,MacCrackan,tmaccrackan6j@miitbeian.gov.cn,Male,157.143.73.203
237,Pippy,Janku,pjanku6k@google.de,Female,246.69.44.77
238,Bella,Morse,bmorse6l@simplemachines.org,Female,44.110.167.155
239,De witt,Greed,dgreed6m@google.cn,Male,210.19.26.32
240,Karoly,Dregan,kdregan6n@surveymonkey.com,Female,137.245.24.114
241,Corella,Castagneri,ccastagneri6o@acquirethisname.com,Female,26.49.167.106
242,Grange,Lebarree,glebarree6p@berkeley.edu,Male,87.149.77.244
243,Izaak,Nelson,inelson6q@imdb.com,Male,3.97.18.111
244,Wyatt,Arnaldo,warnaldo6r@exblog.jp,Male,105.8.98.199
245,Paxton,Bratley,pbratley6s@unblog.fr,Male,62.54.204.172
246,Daphne,Fluit,dfluit6t@google.cn,Female,101.164.227.232
247,Maritsa,Mulrenan,mmulrenan6u@diigo.com,Female,216.170.69.114
248,Terencio,Hymers,thymers6v@bravesites.com,Male,113.239.241.71
249,Belita,Onslow,bonslow6w@elpais.com,Female,140.36.14.202
250,Bale,Lamba,blamba6x@shutterfly.com,Male,190.141.35.232
251,Brynne,Kits,bkits6y@themeforest.net,Female,194.234.77.41
252,Grannie,Wombwell,gwombwell6z@google.fr,Male,97.223.68.125
253,Rik,Dumbleton,rdumbleton70@free.fr,Male,230.39.148.30
254,Cirilo,Titcumb,ctitcumb71@sun.com,Male,58.223.178.123
255,Honoria,Shenfisch,hshenfisch72@tuttocitta.it,Female,218.147.24.226
256,Nannie,Barry,nbarry73@cnn.com,Female,28.145.252.51
257,Nertie,Abels,nabels74@buzzfeed.com,Female,182.50.67.68
258,Galvin,Klass,gklass75@canalblog.com,Male,41.177.37.70
259,Winslow,Dreinan,wdreinan76@foxnews.com,Male,36.238.188.44
260,Lenci,Simnel,lsimnel77@feedburner.com,Male,118.208.22.220
261,Roman,Colborn,rcolborn78@amazon.com,Male,141.50.240.196
262,Constancia,Areles,careles79@nymag.com,Female,219.228.51.67
263,Chrisse,Moret,cmoret7a@ca.gov,Male,0.242.81.252
264,Elisabetta,Wetwood,ewetwood7b@nymag.com,Female,77.117.207.226
265,Dilly,Alpin,dalpin7c@youku.com,Male,7.89.236.120
266,Cora,Fabbro,cfabbro7d@smugmug.com,Female,163.130.118.7
267,Shandee,Rands,srands7e@ed.gov,Female,221.11.68.151
268,Malissia,McCory,mmccory7f@t.co,Female,148.96.54.46
269,Sashenka,D'Orsay,sdorsay7g@quantcast.com,Female,154.41.32.113
270,Jecho,Guillotin,jguillotin7h@businesswire.com,Male,123.216.179.98
271,Sharia,Emlen,semlen7i@scribd.com,Female,146.62.90.105
272,Peadar,Plaid,pplaid7j@taobao.com,Male,194.157.64.71
273,Hastings,Poulglais,hpoulglais7k@4shared.com,Male,39.57.121.180
274,Sasha,Olsson,solsson7l@google.de,Female,82.166.141.31
275,Max,Gillcrist,mgillcrist7m@wisc.edu,Male,49.140.78.129
276,Edin,Refford,erefford7n@cisco.com,Female,82.131.24.135
277,Shae,Marques,smarques7o@seesaa.net,Male,94.49.55.22
278,Sherrie,Manville,smanville7p@google.pl,Female,75.95.46.1
279,Joell,Sarjent,jsarjent7q@pbs.org,Female,13.237.47.119
280,Sander,Casemore,scasemore7r@hostgator.com,Male,88.172.177.132
281,Julius,Vassbender,jvassbender7s@tumblr.com,Male,196.216.32.220
282,Britni,Cicutto,bcicutto7t@sun.com,Female,226.38.228.36
283,Edie,Vogelein,evogelein7u@buzzfeed.com,Female,175.146.191.177
284,Carey,Float,cfloat7v@soundcloud.com,Female,197.235.154.161
285,Wells,Peacock,wpeacock7w@diigo.com,Male,214.173.168.29
286,Milissent,McFarland,mmcfarland7x@nymag.com,Female,186.77.127.143
287,Derick,Cadding,dcadding7y@ted.com,Male,114.251.188.90
288,Selig,Wootton,swootton7z@thetimes.co.uk,Male,36.125.249.100
289,Muhammad,Mengo,mmengo80@nationalgeographic.com,Male,39.62.65.90
290,Avigdor,Ashelford,aashelford81@webeden.co.uk,Male,251.191.184.249
291,Pearla,Cabrara,pcabrara82@cnbc.com,Female,115.99.235.253
292,Benyamin,Scoffins,bscoffins83@nyu.edu,Male,99.85.162.147
293,Ellene,Aslie,easlie84@java.com,Female,242.60.79.205
294,Sorcha,Reddoch,sreddoch85@blogs.com,Female,117.20.97.67
295,Tyne,Stoyle,tstoyle86@timesonline.co.uk,Female,159.168.152.242
296,Lurlene,Erwin,lerwin87@google.de,Female,183.47.135.27
297,Irita,Tokley,itokley88@bloomberg.com,Female,178.234.139.103
298,Alasdair,Reggler,areggler89@ameblo.jp,Male,218.145.230.91
299,Barrie,Tipping,btipping8a@whitehouse.gov,Male,117.141.178.85
300,Lenette,Kehoe,lkehoe8b@wordpress.org,Female,240.170.226.57
301,Sayres,Benkin,sbenkin8c@histats.com,Male,230.105.124.46
302,Jaquelin,Pryer,jpryer8d@census.gov,Female,209.69.144.27
303,Revkah,Dixey,rdixey8e@whitehouse.gov,Female,230.103.205.229
304,Joseph,Climie,jclimie8f@t.co,Male,109.227.55.66
305,Fran,Sheahan,fsheahan8g@rakuten.co.jp,Female,121.70.142.7
306,Shay,Walters,swalters8h@cam.ac.uk,Female,137.32.216.199
307,Helsa,Binyon,hbinyon8i@pinterest.com,Female,68.119.99.123
308,Crissie,Naisbet,cnaisbet8j@icio.us,Female,133.236.65.41
309,Arnoldo,Molnar,amolnar8k@aol.com,Male,111.55.17.49
310,Oralia,Vynoll,ovynoll8l@soup.io,Female,186.186.249.141
311,Andie,Osburn,aosburn8m@jimdo.com,Female,209.173.145.65
312,Patsy,Mcimmie,pmcimmie8n@princeton.edu,Male,31.246.216.214
313,Koressa,Domotor,kdomotor8o@mlb.com,Female,40.124.9.80
314,Thaddus,Blodg,tblodg8p@vinaora.com,Male,119.170.146.15
315,Elly,Saundercock,esaundercock8q@ycombinator.com,Female,200.55.109.223
316,Valentia,Guarin,vguarin8r@rambler.ru,Female,58.16.16.116
317,Emmett,Sybry,esybry8s@so-net.ne.jp,Male,35.66.115.223
318,Charissa,Fewkes,cfewkes8t@accuweather.com,Female,228.230.62.82
319,Joice,Pepperell,jpepperell8u@goo.ne.jp,Female,61.156.125.129
320,Gaspard,Uc,guc8v@blog.com,Male,143.186.235.109
321,Joete,McCully,jmccully8w@paypal.com,Female,242.242.151.9
322,Klement,Fitchew,kfitchew8x@ucla.edu,Male,189.177.85.62
323,Gilbertine,Arman,garman8y@thetimes.co.uk,Female,131.111.161.231
324,Tera,Featonby,tfeatonby8z@1688.com,Female,144.207.80.233
325,Nikos,Peek,npeek90@cyberchimps.com,Male,176.121.101.22
326,Jareb,Hearl,jhearl91@google.com,Male,124.190.175.254
327,Kerwin,Tees,ktees92@google.com.hk,Male,42.96.56.211
328,Cristian,Jancy,cjancy93@thetimes.co.uk,Male,78.77.176.26
329,Issy,Attac,iattac94@netvibes.com,Female,159.49.248.176
330,Maurita,MacLise,mmaclise95@people.com.cn,Female,225.81.202.80
331,Oliy,Blaksley,oblaksley96@live.com,Female,211.56.171.116
332,Ogdon,Bartlosz,obartlosz97@smugmug.com,Male,167.196.89.60
333,Barret,Keysel,bkeysel98@ucoz.com,Male,115.61.213.64
334,Layney,Tackell,ltackell99@ning.com,Female,199.239.104.107
335,Ty,Reasce,treasce9a@gizmodo.com,Male,58.46.107.82
336,Concettina,Coonan,ccoonan9b@nydailynews.com,Female,29.89.121.172
337,Tuck,Abramsky,tabramsky9c@google.com.br,Male,205.40.145.229
338,Renard,Trusdale,rtrusdale9d@utexas.edu,Male,151.161.132.40
339,Anette,Pallister,apallister9e@rambler.ru,Female,36.103.251.60
340,Hercule,Shalloe,hshalloe9f@jigsy.com,Male,93.122.192.39
341,Alejandra,Hugnin,ahugnin9g@oracle.com,Female,80.166.189.55
342,Millicent,Frew,mfrew9h@freewebs.com,Female,212.158.3.199
343,Pamella,Miettinen,pmiettinen9i@cpanel.net,Female,53.130.232.123
344,Iolande,Bloy,ibloy9j@bbb.org,Female,162.127.53.60
345,Sander,Teresse,steresse9k@networksolutions.com,Male,78.107.52.145
346,Giles,Leeburne,gleeburne9l@i2i.jp,Male,109.31.35.232
347,Preston,Stainton,pstainton9m@mashable.com,Male,4.97.116.86
348,Lolly,Hallstone,lhallstone9n@parallels.com,Female,55.92.158.113
349,Opaline,Gedney,ogedney9o@google.es,Female,216.141.31.91
350,Rad,Stow,rstow9p@myspace.com,Male,1.106.24.138
351,Cesar,Simmons,csimmons9q@pen.io,Male,203.64.31.56
352,Lucian,Sevior,lsevior9r@archive.org,Male,80.236.212.248
353,Linda,Dibner,ldibner9s@independent.co.uk,Female,19.238.248.33
354,Shirley,Seine,sseine9t@stanford.edu,Female,200.84.195.157
355,Jacynth,Dunlop,jdunlop9u@cisco.com,Female,72.43.145.255
356,Jeanelle,Mahaddie,jmahaddie9v@booking.com,Female,178.166.115.180
357,Pauline,Pyzer,ppyzer9w@constantcontact.com,Female,69.104.231.109
358,Agosto,Althorpe,aalthorpe9x@163.com,Male,184.18.220.209
359,Leontine,Gumary,lgumary9y@ehow.com,Female,114.108.254.117
360,Lorin,Mattusevich,lmattusevich9z@delicious.com,Male,178.237.250.25
361,Leoine,Ratray,lratraya0@friendfeed.com,Female,135.152.67.3
362,Bibbye,Dawidowicz,bdawidowicza1@seesaa.net,Female,126.224.203.226
363,Barbey,Robinette,brobinettea2@multiply.com,Female,96.192.239.234
364,Rosamund,Ratie,rratiea3@blog.com,Female,245.251.180.187
365,Kahaleel,McCreagh,kmccreagha4@a8.net,Male,246.67.136.46
366,Giacomo,Melior,gmeliora5@wired.com,Male,134.237.199.122
367,Horatius,Cometto,hcomettoa6@odnoklassniki.ru,Male,54.127.230.104
368,Vinnie,Wemes,vwemesa7@arstechnica.com,Female,165.76.94.78
369,Jarrid,Benediktsson,jbenediktssona8@scientificamerican.com,Male,98.84.136.152
370,Klement,Soltan,ksoltana9@people.com.cn,Male,90.91.22.28
371,Sancho,Mc Caughen,smccaughenaa@unc.edu,Male,20.235.165.171
372,Jemie,Brunstan,jbrunstanab@yahoo.com,Female,19.53.38.10
373,Anastasia,Holcroft,aholcroftac@earthlink.net,Female,147.75.188.161
374,Orv,Stewartson,ostewartsonad@360.cn,Male,234.117.216.180
375,Esmaria,Raywood,eraywoodae@deliciousdays.com,Female,251.244.163.253
376,Tull,McCuthais,tmccuthaisaf@netscape.com,Male,56.183.201.117
377,Melita,Erasmus,merasmusag@bloglines.com,Female,128.212.46.151
378,Trefor,Kinton,tkintonah@infoseek.co.jp,Male,0.167.126.246
379,Renault,Lorryman,rlorrymanai@istockphoto.com,Male,195.139.104.121
380,Ailey,Agostini,aagostiniaj@wp.com,Female,77.47.228.247
381,Jimmie,Snape,jsnapeak@illinois.edu,Male,206.62.169.187
382,Bryna,Arling,barlingal@slideshare.net,Female,97.74.6.102
383,Davita,Ingerson,dingersonam@hubpages.com,Female,241.163.242.204
384,Tymothy,Racine,tracinean@forbes.com,Male,200.246.178.160
385,Rodi,Ferie,rferieao@woothemes.com,Female,143.207.50.24
386,Barbie,Bulle,bbulleap@nps.gov,Female,74.182.51.124
387,Eddy,Bordis,ebordisaq@dyndns.org,Male,219.94.42.179
388,Melodee,Ferreira,mferreiraar@stanford.edu,Female,207.69.247.227
389,Trueman,Von Oertzen,tvonoertzenas@dropbox.com,Male,75.13.176.78
390,Paolo,Grey,pgreyat@aol.com,Male,44.202.148.255
391,Eduino,Castle,ecastleau@wikispaces.com,Male,8.126.106.186
392,Demetre,Halfpenny,dhalfpennyav@blogspot.com,Male,14.174.108.107
393,Vic,Conkay,vconkayaw@shutterfly.com,Male,177.7.70.161
394,Cariotta,Theis,ctheisax@goo.gl,Female,106.99.245.150
395,Isabelita,Pabel,ipabelay@delicious.com,Female,88.207.11.205
396,Douglas,Ginman,dginmanaz@1und1.de,Male,27.244.244.10
397,Abigael,Madoc-Jones,amadocjonesb0@ucoz.com,Female,241.176.237.180
398,Charlton,Chesney,cchesneyb1@fema.gov,Male,65.54.96.125
399,Terri-jo,Molesworth,tmolesworthb2@aol.com,Female,70.206.87.136
400,Faina,Crellin,fcrellinb3@booking.com,Female,62.41.36.12
401,Rania,Adlard,radlardb4@yellowpages.com,Female,129.133.6.200
402,Lauryn,Durnford,ldurnfordb5@spiegel.de,Female,118.216.83.102
403,Saree,Yglesias,syglesiasb6@liveinternet.ru,Female,103.167.50.6
404,Warde,Adamou,wadamoub7@shutterfly.com,Male,62.135.6.230
405,Malchy,Magister,mmagisterb8@phoca.cz,Male,151.31.13.18
406,Fulvia,Bartles,fbartlesb9@bloomberg.com,Female,217.67.158.88
407,Gloriana,Girardeau,ggirardeauba@nhs.uk,Female,21.13.223.39
408,Noll,Spearman,nspearmanbb@123-reg.co.uk,Male,94.178.50.228
409,Robenia,Turney,rturneybc@last.fm,Female,220.57.80.121
410,Ellswerth,Goodswen,egoodswenbd@about.me,Male,118.136.34.27
411,Cele,Fike,cfikebe@t.co,Female,110.37.168.186
412,Clarke,Carty,ccartybf@seattletimes.com,Male,41.87.240.47
413,Natty,Taggett,ntaggettbg@sbwire.com,Female,1.133.44.15
414,Marcos,Nolda,mnoldabh@quantcast.com,Male,96.190.106.40
415,Jaquelyn,Attrie,jattriebi@rediff.com,Female,186.64.140.213
416,Sheena,Deering,sdeeringbj@omniture.com,Female,47.158.197.48
417,Derek,Cutbirth,dcutbirthbk@ed.gov,Male,3.252.243.210
418,Lurleen,Lorrie,llorriebl@mozilla.org,Female,10.166.59.38
419,Em,Verdun,everdunbm@sakura.ne.jp,Male,237.50.23.99
420,Meredith,Clawson,mclawsonbn@cisco.com,Female,208.243.64.246
421,Cole,McAllen,cmcallenbo@samsung.com,Male,117.115.223.242
422,Zita,Slator,zslatorbp@jimdo.com,Female,14.136.3.131
423,Carver,Rollings,crollingsbq@google.pl,Male,44.165.204.201
424,Tymothy,Richarson,tricharsonbr@globo.com,Male,47.98.14.4
425,Charleen,Chicken,cchickenbs@shutterfly.com,Female,50.211.140.112
426,Roxie,Maunder,rmaunderbt@vkontakte.ru,Female,234.193.118.249
427,Barron,Goricke,bgorickebu@miitbeian.gov.cn,Male,129.203.5.122
428,Annabelle,Langstone,alangstonebv@cam.ac.uk,Female,221.104.24.70
429,Conny,MacIlriach,cmacilriachbw@timesonline.co.uk,Male,99.205.192.233
430,Sandy,Pleavin,spleavinbx@cornell.edu,Female,166.236.242.254
431,Clayson,Poulett,cpoulettby@blogs.com,Male,165.207.69.111
432,Sadie,Otto,sottobz@quantcast.com,Female,78.239.145.217
433,Burton,Riggert,briggertc0@archive.org,Male,24.235.76.35
434,Lorine,Reubens,lreubensc1@tumblr.com,Female,103.238.174.34
435,Wilbur,Kimbury,wkimburyc2@godaddy.com,Male,12.82.50.81
436,Marsha,Bankes,mbankesc3@paginegialle.it,Female,217.171.41.116
437,Antoinette,Rumbellow,arumbellowc4@bbb.org,Female,170.42.21.172
438,Jaine,Prater,jpraterc5@histats.com,Female,252.36.218.227
439,Edgardo,Flucker,efluckerc6@sohu.com,Male,116.120.68.235
440,Chrisse,Nicklinson,cnicklinsonc7@histats.com,Male,42.180.11.131
441,Mace,Keble,mkeblec8@ehow.com,Male,12.37.107.77
442,Erika,Dews,edewsc9@bbc.co.uk,Female,240.80.169.85
443,Gaven,Shevelin,gshevelinca@sbwire.com,Male,126.169.139.49
444,Hashim,Beagen,hbeagencb@samsung.com,Male,201.67.228.21
445,Gae,Jewer,gjewercc@trellian.com,Female,120.106.255.52
446,Paul,Cardall,pcardallcd@netscape.com,Male,50.109.224.129
447,Noll,Cocke,ncockece@cnn.com,Male,226.108.193.128
448,Ulick,Purkins,upurkinscf@timesonline.co.uk,Male,243.126.102.165
449,Stanislas,Hutton,shuttoncg@ameblo.jp,Male,96.187.4.2
450,Kathi,Balasin,kbalasinch@xrea.com,Female,129.138.138.95
451,Aluin,Lambarton,alambartonci@aboutads.info,Male,88.15.212.12
452,Lora,Abbyss,labbysscj@blog.com,Female,253.54.235.169
453,Carlee,Abelovitz,cabelovitzck@bloomberg.com,Female,95.3.85.172
454,Osbourn,Arnke,oarnkecl@bizjournals.com,Male,3.111.12.104
455,Dannye,McCotter,dmccottercm@mayoclinic.com,Female,215.238.71.72
456,Keefe,Abilowitz,kabilowitzcn@is.gd,Male,250.8.123.54
457,Ursala,Gorries,ugorriesco@last.fm,Female,63.46.12.152
458,Ddene,Figger,dfiggercp@chron.com,Female,25.175.204.163
459,Powell,Konke,pkonkecq@answers.com,Male,91.220.251.23
460,Dermot,Jerrems,djerremscr@ucsd.edu,Male,33.36.97.118
461,Kiel,Shawcroft,kshawcroftcs@berkeley.edu,Male,214.186.231.146
462,Yelena,Daville,ydavillect@tinyurl.com,Female,163.227.166.70
463,Cornie,Allon,calloncu@smugmug.com,Male,89.120.38.128
464,Siegfried,Orpwood,sorpwoodcv@flavors.me,Male,231.137.21.118
465,Antonin,Gallegos,agallegoscw@printfriendly.com,Male,226.252.123.137
466,Drugi,Seeking,dseekingcx@myspace.com,Male,50.156.195.172
467,Humfried,Cattemull,hcattemullcy@go.com,Male,167.143.16.208
468,Ardyth,Groll,agrollcz@cdc.gov,Female,72.109.46.155
469,Dolph,Realy,drealyd0@infoseek.co.jp,Male,27.210.54.13
470,Markus,Currin,mcurrind1@weebly.com,Male,0.70.46.90
471,Magnum,Slater,mslaterd2@house.gov,Male,110.123.102.165
472,Morton,Scadding,mscaddingd3@adobe.com,Male,201.34.128.90
473,Caritta,Prandin,cprandind4@jugem.jp,Female,204.6.28.223
474,Kat,Karpmann,kkarpmannd5@tinypic.com,Female,58.91.240.236
475,Timothy,Ower,towerd6@youtube.com,Male,224.75.38.100
476,Worthy,Elgood,welgoodd7@lulu.com,Male,114.236.222.148
477,Hirsch,Syder,hsyderd8@example.com,Male,137.186.46.66
478,Steven,Sleigh,ssleighd9@cafepress.com,Male,65.188.114.67
479,Sigrid,Dryden,sdrydenda@squarespace.com,Female,150.53.220.75
480,Wendell,Letten,wlettendb@gnu.org,Male,40.56.140.155
481,Kurt,Meffan,kmeffandc@bing.com,Male,235.10.32.144
482,Koren,Sainer,ksainerdd@ycombinator.com,Female,77.121.22.19
483,Fayette,Lorenc,florencde@live.com,Female,144.158.1.172
484,Hogan,Vlasenkov,hvlasenkovdf@indiatimes.com,Male,1.5.20.185
485,Cristie,Dorrance,cdorrancedg@gnu.org,Female,15.235.112.55
486,Dane,Starrs,dstarrsdh@latimes.com,Male,119.178.242.66
487,Grover,Brunner,gbrunnerdi@businesswire.com,Male,20.130.94.150
488,Sigismund,Swinford,sswinforddj@multiply.com,Male,31.20.102.145
489,Toni,Tankus,ttankusdk@jugem.jp,Female,149.13.151.218
490,Janos,Dimitriou,jdimitrioudl@delicious.com,Male,76.98.67.129
491,Leda,Easter,leasterdm@ameblo.jp,Female,206.206.61.163
492,Delaney,Hurlin,dhurlindn@jimdo.com,Male,211.0.236.113
493,Denna,Splevings,dsplevingsdo@miitbeian.gov.cn,Female,61.79.168.89
494,Cesar,Maudett,cmaudettdp@google.com,Male,144.11.251.169
495,Dawna,Roubert,droubertdq@reference.com,Female,168.14.187.82
496,Link,Spaduzza,lspaduzzadr@google.co.uk,Male,110.14.159.101
497,Wesley,Cartledge,wcartledgeds@nytimes.com,Male,41.211.44.160
498,Gideon,Trengrouse,gtrengrousedt@pbs.org,Male,193.252.121.44
499,Terrel,Jarrel,tjarreldu@altervista.org,Male,47.27.250.38
500,Sorcha,Zanicchi,szanicchidv@quantcast.com,Female,20.21.191.71
501,Dimitri,Leng,dlengdw@telegraph.co.uk,Male,239.127.208.112
502,Ive,Craw,icrawdx@stanford.edu,Male,149.193.125.38
503,Janek,Bumpus,jbumpusdy@nba.com,Male,108.171.4.183
504,Conrade,Greenstead,cgreensteaddz@feedburner.com,Male,197.238.35.122
505,Fleming,Petworth,fpetworthe0@typepad.com,Male,67.149.49.165
506,Zachery,Bunstone,zbunstonee1@guardian.co.uk,Male,113.95.211.60
507,Stefanie,Montague,smontaguee2@guardian.co.uk,Female,12.45.174.96
508,Lisle,Froude,lfroudee3@wikispaces.com,Male,112.3.231.195
509,Gates,Dulwitch,gdulwitche4@amazon.co.jp,Female,219.78.249.129
510,Roxana,Corington,rcoringtone5@nba.com,Female,118.36.159.235
511,Rex,Lawrie,rlawriee6@un.org,Male,170.141.170.16
512,Royce,Scriviner,rscrivinere7@topsy.com,Male,61.29.199.76
513,Sandy,Eslie,sesliee8@360.cn,Female,242.123.129.110
514,Manolo,Beament,mbeamente9@reverbnation.com,Male,8.95.70.78
515,Janeta,Cabotto,jcabottoea@bizjournals.com,Female,3.94.3.209
516,Misha,Dulwich,mdulwicheb@wikimedia.org,Female,80.2.63.163
517,Clair,Readman,creadmanec@dailymotion.com,Female,233.226.176.133
518,Wilie,Whitford,wwhitforded@networksolutions.com,Female,46.226.141.192
519,Mayne,Milbourne,mmilbourneee@comsenz.com,Male,221.88.84.4
520,Charley,Serjeant,cserjeantef@wordpress.org,Male,9.107.75.147
521,Adriana,Itzkin,aitzkineg@ovh.net,Female,24.170.14.156
522,Mirelle,Patient,mpatienteh@bigcartel.com,Female,123.236.173.170
523,Aleksandr,O'Kielt,aokieltei@moonfruit.com,Male,92.71.211.47
524,Susann,Pigden,spigdenej@storify.com,Female,69.115.130.119
525,Glenna,Dresche,gdrescheek@ftc.gov,Female,66.242.3.19
526,Barney,Klimaszewski,bklimaszewskiel@wp.com,Male,210.53.124.193
527,Dode,Stitch,dstitchem@artisteer.com,Female,6.152.140.17
528,Claudius,Doore,cdooreen@tiny.cc,Male,142.58.192.44
529,Cristin,Grise,cgriseeo@free.fr,Female,153.213.235.188
530,Kinny,Rothchild,krothchildep@alibaba.com,Male,10.109.233.15
531,Glen,Ablitt,gablitteq@woothemes.com,Male,156.163.226.25
532,Idaline,Winsome,iwinsomeer@time.com,Female,16.99.172.88
533,Beatrice,Rosenwasser,brosenwasseres@taobao.com,Female,251.160.102.222
534,Niel,Dowdle,ndowdleet@homestead.com,Male,62.79.186.163
535,Berny,Tesmond,btesmondeu@ebay.co.uk,Male,146.239.75.96
536,Eleen,Tommasuzzi,etommasuzziev@newsvine.com,Female,254.197.221.103
537,Ritchie,Ganderton,rgandertonew@netvibes.com,Male,91.23.209.161
538,Arielle,MacMechan,amacmechanex@flickr.com,Female,76.49.143.94
539,Ashli,Morforth,amorforthey@ftc.gov,Female,122.131.171.63
540,Sheri,Poulsum,spoulsumez@opera.com,Female,252.54.95.71
541,Pembroke,Stark,pstarkf0@nifty.com,Male,100.91.87.37
542,Demetris,Hadleigh,dhadleighf1@mapy.cz,Male,160.117.7.140
543,Tabby,Cordingly,tcordinglyf2@vkontakte.ru,Male,159.221.71.245
544,Nettle,Dyde,ndydef3@odnoklassniki.ru,Female,130.109.57.154
545,Kendal,Chapple,kchapplef4@sphinn.com,Male,249.243.149.37
546,Carol,Warhurst,cwarhurstf5@umn.edu,Female,13.33.126.132
547,Zerk,Beckwith,zbeckwithf6@archive.org,Male,8.108.253.178
548,Onofredo,Elliot,oelliotf7@whitehouse.gov,Male,148.26.251.181
549,Roch,Blair,rblairf8@wunderground.com,Female,111.240.48.151
550,Aubrette,Fetherston,afetherstonf9@csmonitor.com,Female,186.105.159.4
551,Hartley,Swanton,hswantonfa@gmpg.org,Male,181.14.159.88
552,Ivar,Halksworth,ihalksworthfb@spiegel.de,Male,228.224.61.211
553,Fleur,Reah,freahfc@slate.com,Female,57.71.111.15
554,Theadora,Bunting,tbuntingfd@squidoo.com,Female,110.171.180.161
555,Joell,Doorly,jdoorlyfe@loc.gov,Female,213.60.235.101
556,Terence,Gianulli,tgianulliff@hibu.com,Male,135.105.43.241
557,Alan,Bowell,abowellfg@jimdo.com,Male,71.32.207.231
558,Ellswerth,Tarbath,etarbathfh@weather.com,Male,92.88.187.154
559,Ray,Everley,reverleyfi@ebay.com,Male,229.109.66.234
560,Alfonse,O'Meara,aomearafj@gnu.org,Male,166.217.174.180
561,Yorgo,Tyrie,ytyriefk@kickstarter.com,Male,18.55.160.51
562,Bartolomeo,Slowley,bslowleyfl@google.de,Male,85.66.251.170
563,Coleen,Luther,clutherfm@bandcamp.com,Female,100.69.144.33
564,Nappie,Kubes,nkubesfn@gizmodo.com,Male,26.221.207.240
565,Mariele,Brayne,mbraynefo@house.gov,Female,174.253.74.62
566,Hermon,Goodsir,hgoodsirfp@usgs.gov,Male,138.0.173.147
567,Francoise,Norgate,fnorgatefq@vinaora.com,Female,223.43.229.175
568,Neale,Bramhill,nbramhillfr@google.co.jp,Male,13.103.53.159
569,Arnaldo,Rayman,araymanfs@qq.com,Male,122.174.8.219
570,Gabbey,Burnhard,gburnhardft@archive.org,Female,126.70.208.141
571,Martyn,Cattanach,mcattanachfu@tinypic.com,Male,61.59.33.41
572,Leora,Nottle,lnottlefv@technorati.com,Female,202.110.90.132
573,Naoma,Maplethorp,nmaplethorpfw@delicious.com,Female,180.57.9.201
574,Meaghan,Maidens,mmaidensfx@buzzfeed.com,Female,18.161.135.152
575,Milt,Treppas,mtreppasfy@youku.com,Male,190.104.225.239
576,Bab,Winkle,bwinklefz@over-blog.com,Female,219.72.218.178
577,Wit,Laws,wlawsg0@statcounter.com,Male,0.160.59.196
578,Nanny,Sebire,nsebireg1@comcast.net,Female,104.57.17.40
579,Dania,Mouth,dmouthg2@springer.com,Female,217.255.112.77
580,Calli,Gulk,cgulkg3@stanford.edu,Female,224.19.51.191
581,Chico,Skiggs,cskiggsg4@dagondesign.com,Male,83.6.233.149
582,Reid,Vasenin,rvasening5@tripod.com,Male,79.6.67.148
583,Joice,Lailey,jlaileyg6@china.com.cn,Female,23.154.94.48
584,Maure,Pundy,mpundyg7@fastcompany.com,Female,66.180.51.209
585,Berna,Krol,bkrolg8@admin.ch,Female,183.93.167.153
586,Craggie,Delmage,cdelmageg9@furl.net,Male,222.134.16.30
587,Philbert,Kilcoyne,pkilcoynega@whitehouse.gov,Male,142.64.114.218
588,Karlee,Praton,kpratongb@cbc.ca,Female,144.182.88.166
589,Lisle,Gossan,lgossangc@domainmarket.com,Male,140.43.224.24
590,Vitia,Tunney,vtunneygd@cbsnews.com,Female,56.32.121.61
591,Adelle,Marnane,amarnanege@nydailynews.com,Female,204.53.3.202
592,Babbie,Cornelleau,bcornelleaugf@feedburner.com,Female,133.78.184.14
593,Ethyl,D'Ambrogi,edambrogigg@tinypic.com,Female,13.208.229.76
594,Miguel,Durrand,mdurrandgh@youku.com,Male,55.41.59.241
595,Temple,Gilardone,tgilardonegi@constantcontact.com,Male,148.12.29.40
596,Hamid,Couves,hcouvesgj@prlog.org,Male,153.43.121.126
597,Evaleen,Leamon,eleamongk@amazon.co.jp,Female,249.120.238.194
598,Cherida,Childes,cchildesgl@dagondesign.com,Female,33.215.95.55
599,Gilberto,Budding,gbuddinggm@phpbb.com,Male,117.14.132.101
600,Cello,Shropshire,cshropshiregn@pen.io,Male,213.84.83.223
601,Eugenius,Lemerie,elemeriego@plala.or.jp,Male,149.194.73.92
602,Georgie,Shoorbrooke,gshoorbrookegp@usa.gov,Male,52.37.21.224
603,Tammie,Bulstrode,tbulstrodegq@ezinearticles.com,Male,123.54.172.135
604,Giulietta,Sankey,gsankeygr@domainmarket.com,Female,53.4.32.241
605,Tonnie,Malenoir,tmalenoirgs@nps.gov,Male,184.214.117.104
606,Magnum,Hayers,mhayersgt@redcross.org,Male,211.200.96.2
607,Whitney,Lyfield,wlyfieldgu@moonfruit.com,Female,225.231.83.123
608,Carlene,Altoft,caltoftgv@spotify.com,Female,86.88.234.190
609,Elyse,Kembrey,ekembreygw@sciencedirect.com,Female,203.113.106.36
610,Cathleen,Hoofe,choofegx@nationalgeographic.com,Female,146.35.230.36
611,Waldemar,Tumbelty,wtumbeltygy@domainmarket.com,Male,216.100.249.205
612,Melly,Nott,mnottgz@flavors.me,Female,246.236.120.136
613,Louisa,Keats,lkeatsh0@wikimedia.org,Female,70.15.85.80
614,Analiese,Wordesworth,awordesworthh1@nymag.com,Female,203.225.121.147
615,Zsazsa,Hansford,zhansfordh2@tripod.com,Female,86.42.192.178
616,Shelagh,Dredge,sdredgeh3@ft.com,Female,198.223.250.62
617,Deeanne,Loughren,dloughrenh4@newyorker.com,Female,232.60.29.4
618,Annabell,Aldersea,aalderseah5@github.io,Female,218.122.86.208
619,Lauraine,Gregoratti,lgregorattih6@friendfeed.com,Female,141.66.127.155
620,Hersh,Besson,hbessonh7@devhub.com,Male,102.190.55.10
621,Clyde,Athow,cathowh8@sciencedirect.com,Male,51.222.199.15
622,Geno,Borton,gbortonh9@princeton.edu,Male,90.239.142.23
623,Auria,Crafts,acraftsha@arstechnica.com,Female,204.190.120.36
624,Hewett,Martinello,hmartinellohb@spiegel.de,Male,250.32.50.210
625,Marty,Withnall,mwithnallhc@tinypic.com,Male,245.95.247.144
626,Antonio,Extill,aextillhd@altervista.org,Male,9.235.14.22
627,Jenn,Coatman,jcoatmanhe@wufoo.com,Female,61.88.157.197
628,Corrine,Vodden,cvoddenhf@cornell.edu,Female,209.130.38.75
629,Christos,Chapelhow,cchapelhowhg@infoseek.co.jp,Male,46.16.64.97
630,Horatia,Hayford,hhayfordhh@posterous.com,Female,241.209.246.120
631,Karlie,Dunks,kdunkshi@51.la,Female,114.27.5.183
632,Joana,O'Lynn,jolynnhj@nationalgeographic.com,Female,235.152.144.37
633,Cindy,McAreavey,cmcareaveyhk@theguardian.com,Female,21.84.63.227
634,Arlin,Scollard,ascollardhl@microsoft.com,Male,193.233.70.133
635,Pascale,Wickrath,pwickrathhm@biblegateway.com,Male,116.251.5.250
636,Husain,Canario,hcanariohn@geocities.jp,Male,32.13.195.167
637,Cameron,Mushett,cmushettho@examiner.com,Male,223.192.208.134
638,Suzie,O'Reagan,soreaganhp@howstuffworks.com,Female,196.164.255.45
639,Berkeley,Paxman,bpaxmanhq@home.pl,Male,227.161.29.244
640,Silvano,Aymes,saymeshr@youtu.be,Male,217.89.118.8
641,Ryun,Maceur,rmaceurhs@hostgator.com,Male,211.145.8.75
642,Moria,Enrico,menricoht@e-recht24.de,Female,53.99.34.246
643,Upton,Fackrell,ufackrellhu@npr.org,Male,175.54.102.116
644,Rudiger,Daintree,rdaintreehv@w3.org,Male,221.217.186.212
645,Lilly,Skelhorne,lskelhornehw@soup.io,Female,20.150.109.176
646,Rochelle,Luddy,rluddyhx@deliciousdays.com,Female,24.210.214.45
647,Lynnet,Vaines,lvaineshy@slate.com,Female,49.127.109.200
648,Baird,Maddy,bmaddyhz@themeforest.net,Male,223.12.140.246
649,Alfy,Giacopetti,agiacopettii0@google.com.au,Male,80.118.228.63
650,Camellia,Hansana,chansanai1@comsenz.com,Female,248.131.133.118
651,Linn,Arnoult,larnoulti2@tinyurl.com,Male,238.156.51.210
652,Fredric,Elson,felsoni3@ehow.com,Male,44.133.207.224
653,Carrol,Whiteway,cwhitewayi4@baidu.com,Male,212.15.42.183
654,Ofella,Whewill,owhewilli5@i2i.jp,Female,163.128.143.59
655,Maurits,Di Giacomettino,mdigiacomettinoi6@mac.com,Male,235.232.61.245
656,Marlo,Rosenfarb,mrosenfarbi7@rambler.ru,Female,219.223.115.163
657,Gabriele,Redit,grediti8@columbia.edu,Male,97.103.115.14
658,Westbrook,Arthey,wartheyi9@skype.com,Male,97.141.119.229
659,Goldia,Noen,gnoenia@china.com.cn,Female,145.149.216.64
660,Spence,Gibbens,sgibbensib@amazon.co.uk,Male,63.215.219.60
661,Wynn,Kingzeth,wkingzethic@barnesandnoble.com,Male,170.2.202.57
662,Derrik,Abelson,dabelsonid@wunderground.com,Male,92.90.100.47
663,Willie,Longega,wlongegaie@noaa.gov,Male,211.44.64.194
664,Sheree,Clewer,sclewerif@wikispaces.com,Female,131.227.176.164
665,Giff,Livett,glivettig@nba.com,Male,159.105.8.60
666,Wallache,Brannan,wbrannanih@house.gov,Male,152.149.31.58
667,Abe,Kingsnod,akingsnodii@admin.ch,Male,170.160.185.89
668,Jenica,Kenryd,jkenrydij@devhub.com,Female,218.90.155.27
669,Damien,Vaudin,dvaudinik@webeden.co.uk,Male,209.204.190.180
670,Penrod,Rowling,prowlingil@pcworld.com,Male,244.68.151.182
671,Lyndel,Saintsbury,lsaintsburyim@nhs.uk,Female,187.186.128.15
672,Phoebe,Minkin,pminkinin@issuu.com,Female,39.247.243.195
673,Penelopa,Gorse,pgorseio@i2i.jp,Female,8.95.222.186
674,Pooh,Kisbee,pkisbeeip@sakura.ne.jp,Female,110.254.182.169
675,Yanaton,Gridley,ygridleyiq@amazon.co.jp,Male,114.66.83.163
676,Dimitri,Gillice,dgilliceir@toplist.cz,Male,158.50.33.32
677,Gayel,MacPherson,gmacphersonis@pcworld.com,Female,253.250.181.173
678,Issi,Weatherburn,iweatherburnit@slashdot.org,Female,240.131.151.133
679,Sergeant,Cayford,scayfordiu@51.la,Male,165.168.94.145
680,Wiatt,Edgecombe,wedgecombeiv@elpais.com,Male,200.162.34.154
681,Jesse,Yousef,jyousefiw@ihg.com,Male,234.181.56.188
682,Karleen,Parsley,kparsleyix@dailymotion.com,Female,121.67.62.50
683,Maxine,Alibone,maliboneiy@creativecommons.org,Female,225.148.248.203
684,Clarisse,Savil,csaviliz@csmonitor.com,Female,216.246.51.249
685,Kari,DelaField,kdelafieldj0@msu.edu,Female,177.90.115.250
686,Arline,Merle,amerlej1@slideshare.net,Female,74.13.248.5
687,Kinnie,Demonge,kdemongej2@oracle.com,Male,196.35.57.180
688,Alfred,Gumbrell,agumbrellj3@wsj.com,Male,168.116.192.99
689,Zeke,Gellier,zgellierj4@sogou.com,Male,242.27.170.189
690,Maddie,Lenaghen,mlenaghenj5@opera.com,Female,254.15.114.6
691,Sheena,Reynolds,sreynoldsj6@youku.com,Female,68.51.54.116
692,Kristin,Reddish,kreddishj7@ox.ac.uk,Female,187.5.225.144
693,Blithe,MacShirie,bmacshiriej8@spotify.com,Female,71.90.235.95
694,Karlen,Humburton,khumburtonj9@php.net,Female,143.63.212.76
695,Ina,Wornum,iwornumja@unesco.org,Female,241.15.231.118
696,Scottie,Jinkinson,sjinkinsonjb@bloglovin.com,Male,211.183.238.28
697,Georgeta,Creeboe,gcreeboejc@dot.gov,Female,39.27.232.97
698,Maureen,Causer,mcauserjd@dmoz.org,Female,185.7.47.129
699,Dimitri,Aslott,daslottje@smh.com.au,Male,80.56.51.56
700,Goddart,Bunclark,gbunclarkjf@1688.com,Male,33.165.24.73
701,Annabell,Androli,aandrolijg@tinyurl.com,Female,249.181.156.42
702,Jennilee,Corriea,jcorrieajh@whitehouse.gov,Female,177.2.126.107
703,Wat,Nelligan,wnelliganji@aol.com,Male,120.248.67.111
704,Harold,Diwell,hdiwelljj@cisco.com,Male,220.194.183.12
705,Freddy,Yanele,fyanelejk@statcounter.com,Female,94.205.22.61
706,Darrell,Annwyl,dannwyljl@sogou.com,Male,191.76.96.84
707,Holmes,Collet,hcolletjm@upenn.edu,Male,60.101.181.238
708,Northrup,Woodyeare,nwoodyearejn@edublogs.org,Male,204.239.239.94
709,Lindi,Yushmanov,lyushmanovjo@chron.com,Female,225.168.135.138
710,Arch,O'Crigan,aocriganjp@netvibes.com,Male,41.100.4.180
711,Ada,Manssuer,amanssuerjq@51.la,Female,104.26.235.174
712,Maximilianus,Lusty,mlustyjr@unblog.fr,Male,202.87.126.19
713,Koenraad,Fawcett,kfawcettjs@theguardian.com,Male,112.142.188.137
714,Christan,Toulamain,ctoulamainjt@indiatimes.com,Female,37.108.80.214
715,Corri,Tester,ctesterju@huffingtonpost.com,Female,248.129.92.138
716,Meggi,Lanfranchi,mlanfranchijv@mtv.com,Female,201.245.165.177
717,Jenny,Campa,jcampajw@prnewswire.com,Female,148.52.231.177
718,Nil,Sinclar,nsinclarjx@unicef.org,Male,82.250.90.233
719,Nessi,Febre,nfebrejy@feedburner.com,Female,44.183.202.136
720,Lorita,Kinnen,lkinnenjz@nbcnews.com,Female,25.117.226.186
721,Clarey,Emm,cemmk0@jiathis.com,Female,159.33.167.164
722,Edyth,Halahan,ehalahank1@bandcamp.com,Female,72.141.138.121
723,Brewster,Lyfe,blyfek2@ovh.net,Male,0.52.130.69
724,Carleton,Baack,cbaackk3@about.me,Male,175.174.252.74
725,Bartholomeus,Giddins,bgiddinsk4@hatena.ne.jp,Male,47.61.102.37
726,Karole,Dumblton,kdumbltonk5@vistaprint.com,Female,176.124.188.238
727,Karee,Frankish,kfrankishk6@google.co.jp,Female,199.74.205.170
728,Izzy,Fitter,ifitterk7@imageshack.us,Male,185.12.218.121
729,Grazia,Cano,gcanok8@sfgate.com,Female,155.19.140.17
730,Gradey,Treffrey,gtreffreyk9@aol.com,Male,28.246.148.25
731,Benjamen,Legges,bleggeska@furl.net,Male,46.168.221.32
732,Courtnay,Touson,ctousonkb@opensource.org,Female,167.121.242.34
733,Domeniga,Behrens,dbehrenskc@gravatar.com,Female,171.75.41.242
734,Glynda,Perillo,gperillokd@photobucket.com,Female,155.100.108.248
735,Beniamino,Kolis,bkoliske@shinystat.com,Male,1.101.242.196
736,Filmore,Wintringham,fwintringhamkf@nifty.com,Male,68.28.16.194
737,Lavina,Mitchiner,lmitchinerkg@netvibes.com,Female,121.137.73.154
738,Jessie,Carrett,jcarrettkh@seesaa.net,Male,253.148.24.202
739,Jule,Brosel,jbroselki@ameblo.jp,Male,38.113.242.203
740,Fanchon,Durn,fdurnkj@webs.com,Female,207.158.170.88
741,Devland,Bastock,dbastockkk@blogspot.com,Male,12.246.158.221
742,Cornelle,De-Ville,cdevillekl@trellian.com,Female,90.232.44.219
743,Billye,Dobie,bdobiekm@oracle.com,Female,110.230.221.255
744,Tadeo,Copnall,tcopnallkn@jimdo.com,Male,54.249.134.95
745,Bucky,Olenchenko,bolenchenkoko@ustream.tv,Male,210.232.221.172
746,Thain,Crothers,tcrotherskp@youku.com,Male,102.217.118.140
747,Ruben,Yetman,ryetmankq@weebly.com,Male,169.181.14.88
748,Doralynn,Bonds,dbondskr@google.pl,Female,161.202.193.217
749,Roarke,Beardsall,rbeardsallks@nifty.com,Male,117.136.204.133
750,Ivory,Redmell,iredmellkt@loc.gov,Female,130.43.131.32
751,Abrahan,Moorton,amoortonku@vimeo.com,Male,5.28.107.222
752,Elia,Breydin,ebreydinkv@berkeley.edu,Male,95.72.24.135
753,Cleveland,O'Keefe,cokeefekw@ibm.com,Male,220.54.244.187
754,Correy,Laurant,claurantkx@4shared.com,Male,99.225.102.180
755,Desmund,Saffle,dsaffleky@mit.edu,Male,232.245.241.76
756,Wendall,Stuttard,wstuttardkz@cnet.com,Male,178.60.254.10
757,Sherm,Elwood,selwoodl0@slashdot.org,Male,21.133.241.198
758,Mariel,Plumer,mplumerl1@wikimedia.org,Female,19.59.45.173
759,June,Janzen,jjanzenl2@spotify.com,Female,96.112.144.247
760,Leslie,Hasted,lhastedl3@mtv.com,Female,0.163.151.179
761,Camella,Sullens,csullensl4@ucoz.com,Female,184.202.214.175
762,Gregorio,Diperaus,gdiperausl5@nymag.com,Male,250.214.162.147
763,Rozele,Freyn,rfreynl6@ihg.com,Female,196.188.247.212
764,Quinn,Blackstone,qblackstonel7@cnbc.com,Male,87.192.125.199
765,Patrica,Hayle,phaylel8@biglobe.ne.jp,Female,147.68.83.17
766,Edwina,Scrammage,escrammagel9@goodreads.com,Female,137.192.20.209
767,Coleman,Rospars,crosparsla@ucsd.edu,Male,168.157.76.156
768,Reilly,Elcome,relcomelb@topsy.com,Male,55.200.161.133
769,Christy,Angeau,cangeaulc@posterous.com,Female,187.12.108.231
770,Lonnie,Bruyntjes,lbruyntjesld@merriam-webster.com,Female,52.10.200.137
771,Lavinie,Mauser,lmauserle@disqus.com,Female,66.51.13.231
772,Haley,Izakovitz,hizakovitzlf@desdev.cn,Male,248.85.82.5
773,Burl,Simenel,bsimenellg@auda.org.au,Male,104.112.14.237
774,Kathryn,Grove,kgrovelh@slideshare.net,Female,137.128.41.39
775,Delila,Sparway,dsparwayli@i2i.jp,Female,228.23.18.130
776,Cornelia,Tenny,ctennylj@loc.gov,Female,126.214.153.182
777,Bret,Mathissen,bmathissenlk@scribd.com,Male,36.116.134.206
778,Aretha,Hanks,ahanksll@ihg.com,Female,128.158.212.92
779,Barret,Farmery,bfarmerylm@reference.com,Male,247.130.187.180
780,Norbert,Tourot,ntourotln@wix.com,Male,15.97.4.160
781,Libbey,Minucci,lminuccilo@hp.com,Female,17.115.77.43
782,Helen,Britnell,hbritnelllp@theatlantic.com,Female,18.31.235.51
783,Yardley,Sterling,ysterlinglq@lycos.com,Male,52.2.36.128
784,Burg,Jenny,bjennylr@sun.com,Male,239.175.174.137
785,Judy,O'Kerin,jokerinls@storify.com,Female,142.219.104.76
786,Mavis,Vatini,mvatinilt@com.com,Female,217.32.75.154
787,Karol,Spinley,kspinleylu@51.la,Female,169.117.106.139
788,Marie-ann,Schulze,mschulzelv@techcrunch.com,Female,44.93.106.81
789,Faith,Klejin,fklejinlw@uol.com.br,Female,156.33.50.13
790,Angelo,Couzens,acouzenslx@nih.gov,Male,56.8.226.107
791,Urbanus,Hollyman,uhollymanly@shop-pro.jp,Male,75.25.100.39
792,Laurens,Carlisso,lcarlissolz@house.gov,Male,232.250.43.33
793,Abraham,Dencs,adencsm0@ovh.net,Male,166.43.36.36
794,Myrwyn,Winney,mwinneym1@wunderground.com,Male,77.156.67.130
795,Annamaria,McCallister,amccallisterm2@rediff.com,Female,86.231.229.251
796,Joya,Annear,jannearm3@bizjournals.com,Female,52.49.102.138
797,Betta,O' Brian,bobrianm4@dot.gov,Female,180.245.137.237
798,Cecil,Deller,cdellerm5@clickbank.net,Female,70.89.238.95
799,Niall,Izat,nizatm6@noaa.gov,Male,21.13.187.209
800,Aindrea,Gierok,agierokm7@unicef.org,Female,15.206.90.242
801,Jenelle,Pawelec,jpawelecm8@quantcast.com,Female,105.15.162.234
802,Jephthah,Towey,jtoweym9@exblog.jp,Male,67.126.57.30
803,Stirling,Tather,statherma@delicious.com,Male,238.116.249.193
804,Fernandina,Coch,fcochmb@blogspot.com,Female,140.139.254.1
805,Lori,Hanner,lhannermc@studiopress.com,Female,28.70.106.205
806,Jeannette,Auten,jautenmd@tripadvisor.com,Female,30.235.24.95
807,Dotty,Berrycloth,dberryclothme@howstuffworks.com,Female,252.165.73.230
808,Tomaso,Brissenden,tbrissendenmf@tripadvisor.com,Male,134.104.44.45
809,Mitch,Lomasney,mlomasneymg@princeton.edu,Male,4.103.60.1
810,Kris,Yong,kyongmh@vk.com,Female,63.162.214.56
811,Lauree,Cuniam,lcuniammi@amazon.com,Female,59.146.151.67
812,Chickie,Issit,cissitmj@123-reg.co.uk,Female,120.237.244.4
813,Erina,Cregg,ecreggmk@wikispaces.com,Female,119.95.83.202
814,Madelon,Gridley,mgridleyml@barnesandnoble.com,Female,14.225.188.20
815,Matthieu,Martina,mmartinamm@aol.com,Male,228.76.68.218
816,Addy,Rookeby,arookebymn@angelfire.com,Female,198.207.143.206
817,Casper,Perago,cperagomo@1688.com,Male,63.112.153.208
818,Farrell,Wyndham,fwyndhammp@netscape.com,Male,62.221.174.89
819,Sydelle,Doy,sdoymq@plala.or.jp,Female,67.164.165.103
820,Veriee,Autin,vautinmr@europa.eu,Female,4.166.224.51
821,Dana,Jeannard,djeannardms@yahoo.co.jp,Male,110.103.89.43
822,Clarissa,Ingman,cingmanmt@usnews.com,Female,18.224.91.225
823,Estevan,Tunnicliff,etunnicliffmu@i2i.jp,Male,53.11.0.228
824,Laryssa,Rimell,lrimellmv@virginia.edu,Female,140.221.40.164
825,Loralee,Ruilton,lruiltonmw@mtv.com,Female,29.233.207.203
826,Lotti,Trimbey,ltrimbeymx@acquirethisname.com,Female,122.32.171.216
827,Boot,Stanyforth,bstanyforthmy@comcast.net,Male,47.187.149.189
828,Lorinda,Loughton,lloughtonmz@geocities.jp,Female,218.222.212.64
829,Jonas,Raise,jraisen0@discuz.net,Male,155.210.120.83
830,Iormina,Burleton,iburletonn1@prlog.org,Female,42.184.14.31
831,Trude,Sehorsch,tsehorschn2@army.mil,Female,7.50.221.53
832,Carey,Hansberry,chansberryn3@techcrunch.com,Male,122.7.179.100
833,Benn,Dybald,bdybaldn4@livejournal.com,Male,122.117.224.19
834,Lion,Measor,lmeasorn5@csmonitor.com,Male,221.185.52.20
835,Sydel,Edinboro,sedinboron6@geocities.com,Female,95.129.238.127
836,Lynnet,Bente,lbenten7@cnn.com,Female,57.152.169.217
837,Todd,Waldie,twaldien8@ehow.com,Male,246.106.6.171
838,Bobine,Dener,bdenern9@cpanel.net,Female,175.195.158.65
839,Niccolo,Outerbridge,nouterbridgena@naver.com,Male,56.13.72.134
840,Vivienne,Hendricks,vhendricksnb@buzzfeed.com,Female,188.173.191.241
841,Diane-marie,Gotcliffe,dgotcliffenc@printfriendly.com,Female,108.208.33.146
842,Burt,Luckham,bluckhamnd@dell.com,Male,126.169.21.192
843,Courtney,Shalloe,cshalloene@opera.com,Female,243.216.164.103
844,Lurette,Merrigans,lmerrigansnf@is.gd,Female,85.99.6.163
845,Verine,Humpatch,vhumpatchng@dropbox.com,Female,45.218.52.233
846,Edvard,Streeting,estreetingnh@usda.gov,Male,16.210.168.162
847,Elisa,Drejer,edrejerni@msu.edu,Female,33.32.120.244
848,Hillie,Lattimore,hlattimorenj@msu.edu,Male,70.124.15.202
849,Hasheem,Cords,hcordsnk@wufoo.com,Male,136.23.164.225
850,Grata,Kaas,gkaasnl@ucoz.com,Female,44.236.192.73
851,Renaud,Hobbert,rhobbertnm@bloglines.com,Male,235.203.247.242
852,Nonah,Dodgshun,ndodgshunnn@github.com,Female,164.1.93.25
853,Carson,Kupke,ckupkeno@ocn.ne.jp,Male,181.69.45.75
854,Jessamyn,Inett,jinettnp@ihg.com,Female,180.84.80.253
855,Bernadine,Steinor,bsteinornq@umich.edu,Female,181.89.109.249
856,Edeline,Plott,eplottnr@paginegialle.it,Female,120.79.91.237
857,Demott,Kaemena,dkaemenans@europa.eu,Male,27.129.24.66
858,Glyn,Metts,gmettsnt@jugem.jp,Female,133.217.36.166
859,Dillie,Liddel,dliddelnu@thetimes.co.uk,Male,129.123.221.188
860,Trina,Brownhall,tbrownhallnv@nyu.edu,Female,214.192.47.242
861,Ernestine,Beagen,ebeagennw@cafepress.com,Female,231.234.187.124
862,Leonanie,Triplet,ltripletnx@mapy.cz,Female,32.102.203.60
863,Percy,Kinchington,pkinchingtonny@cyberchimps.com,Male,11.18.134.215
864,Charisse,Arran,carrannz@booking.com,Female,250.35.235.162
865,Judah,Joannidi,jjoannidio0@thetimes.co.uk,Male,92.135.66.255
866,Henderson,Hanrahan,hhanrahano1@squarespace.com,Male,245.25.97.159
867,Carla,Jolliman,cjollimano2@cnet.com,Female,208.220.25.28
868,Olympia,Winckle,owinckleo3@businessinsider.com,Female,93.22.219.24
869,Reggie,Widmoor,rwidmooro4@theatlantic.com,Male,19.237.70.163
870,Bear,Plumptre,bplumptreo5@mapquest.com,Male,120.71.193.89
871,Louis,Ashlee,lashleeo6@ft.com,Male,234.142.48.87
872,Loralee,Nelsey,lnelseyo7@ftc.gov,Female,135.176.221.183
873,Leon,Pakenham,lpakenhamo8@godaddy.com,Male,157.115.4.122
874,Cynthy,Iapico,ciapicoo9@patch.com,Female,54.185.103.202
875,Sinclare,Clemson,sclemsonoa@baidu.com,Male,0.91.219.74
876,Elyse,Durrad,edurradob@scientificamerican.com,Female,48.229.167.255
877,Bertrand,Death,bdeathoc@kickstarter.com,Male,249.35.249.117
878,Moshe,Masterson,mmastersonod@liveinternet.ru,Male,250.205.63.20
879,Lilian,Rawlins,lrawlinsoe@ovh.net,Female,44.226.115.231
880,Korrie,Jonin,kjoninof@constantcontact.com,Female,240.106.26.111
881,Doy,Gurry,dgurryog@epa.gov,Male,32.150.174.239
882,Matthaeus,Ruggiero,mruggierooh@addthis.com,Male,239.141.173.234
883,Kaela,Kleyn,kkleynoi@creativecommons.org,Female,101.186.74.241
884,Maude,Pillinger,mpillingeroj@narod.ru,Female,142.7.168.15
885,Devy,Dobing,ddobingok@geocities.com,Male,37.199.150.16
886,Herminia,Binfield,hbinfieldol@boston.com,Female,42.219.22.166
887,Son,Rany,sranyom@blogger.com,Male,168.54.190.155
888,Brunhilde,Craft,bcrafton@alibaba.com,Female,133.63.119.16
889,Berna,Jankovsky,bjankovskyoo@jugem.jp,Female,118.4.148.190
890,Daphene,Iowarch,diowarchop@example.com,Female,194.18.73.82
891,Marlo,Pavlitschek,mpavlitschekoq@ebay.com,Male,11.178.228.67
892,Adan,Nuccitelli,anuccitellior@google.pl,Male,131.244.88.235
893,Riley,Gibbetts,rgibbettsos@paypal.com,Male,41.203.136.66
894,Candis,Andrzej,candrzejot@china.com.cn,Female,208.205.124.148
895,Aline,Halso,ahalsoou@drupal.org,Female,10.42.135.11
896,Elnora,Linham,elinhamov@photobucket.com,Female,178.249.9.171
897,Livvyy,Van,lvanow@simplemachines.org,Female,95.9.70.1
898,Emmey,Kyncl,ekynclox@dagondesign.com,Female,185.97.205.8
899,Robina,Gane,rganeoy@unc.edu,Female,20.160.45.179
900,Alaster,Menzies,amenziesoz@angelfire.com,Male,38.15.211.113
901,Wait,Brand-Hardy,wbrandhardyp0@wordpress.com,Male,21.41.169.117
902,Cristin,Walas,cwalasp1@ted.com,Female,17.217.108.215
903,Stormie,Bickers,sbickersp2@chicagotribune.com,Female,188.115.74.239
904,Nicol,Benedyktowicz,nbenedyktowiczp3@wisc.edu,Male,23.197.158.214
905,Alecia,Clowney,aclowneyp4@booking.com,Female,75.163.173.235
906,Kimmy,Iltchev,kiltchevp5@google.co.jp,Female,2.108.208.174
907,Maura,Colliar,mcolliarp6@wikipedia.org,Female,25.45.153.223
908,Lin,Godsmark,lgodsmarkp7@ezinearticles.com,Male,232.201.111.173
909,Silvan,Dimitresco,sdimitrescop8@forbes.com,Male,229.94.155.14
910,Hilda,Langelay,hlangelayp9@ca.gov,Female,126.95.203.54
911,Eli,Garmanson,egarmansonpa@europa.eu,Male,134.188.182.187
912,Trixy,Lalevee,tlaleveepb@4shared.com,Female,110.2.20.147
913,Mord,Jeffs,mjeffspc@delicious.com,Male,175.119.165.224
914,Dalt,Land,dlandpd@yandex.ru,Male,233.129.77.145
915,Jeralee,Pawelek,jpawelekpe@tumblr.com,Female,109.236.175.8
916,Sigfried,Malthouse,smalthousepf@godaddy.com,Male,109.233.249.147
917,Celestyna,McGahern,cmcgahernpg@cyberchimps.com,Female,231.79.220.54
918,Giana,Backs,gbacksph@addthis.com,Female,49.107.192.75
919,Caldwell,Delahunty,cdelahuntypi@php.net,Male,211.242.88.118
920,Marijn,Chisholm,mchisholmpj@state.gov,Male,123.171.172.127
921,Ellene,Bausor,ebausorpk@wufoo.com,Female,108.43.47.81
922,Alica,Drissell,adrissellpl@nhs.uk,Female,239.92.239.249
923,Chaddie,Sergeaunt,csergeauntpm@comcast.net,Male,155.7.151.104
924,Clayborne,Dollin,cdollinpn@opensource.org,Male,32.204.176.77
925,Forest,Quinnelly,fquinnellypo@dagondesign.com,Male,40.61.55.69
926,Leonidas,O' Sullivan,losullivanpp@about.com,Male,66.89.14.121
927,Micah,Magrane,mmagranepq@wisc.edu,Male,164.248.191.13
928,Theressa,Dabling,tdablingpr@zimbio.com,Female,67.8.45.123
929,Derrick,Smitheman,dsmithemanps@umn.edu,Male,24.95.88.14
930,Hyacintha,Lambis,hlambispt@domainmarket.com,Female,247.201.185.49
931,Granthem,Batt,gbattpu@instagram.com,Male,186.61.16.161
932,Kelcey,Alliott,kalliottpv@washington.edu,Female,150.155.255.73
933,Ferris,Althorp,falthorppw@nih.gov,Male,213.255.20.125
934,Kelcie,Cuzen,kcuzenpx@php.net,Female,178.49.30.69
935,Josi,Dagger,jdaggerpy@comcast.net,Female,63.107.32.158
936,Kylen,Easdon,keasdonpz@yellowpages.com,Female,120.206.145.185
937,Harv,Dalziel,hdalzielq0@addtoany.com,Male,23.22.142.236
938,Katya,Baitey,kbaiteyq1@furl.net,Female,153.96.100.250
939,Iosep,Rowledge,irowledgeq2@storify.com,Male,194.158.56.226
940,Gabbi,Butlin,gbutlinq3@yahoo.co.jp,Female,54.0.193.172
941,Harrison,Eckart,heckartq4@prlog.org,Male,28.42.51.92
942,Perri,Tincombe,ptincombeq5@earthlink.net,Female,209.246.130.62
943,Cleon,Bergstram,cbergstramq6@utexas.edu,Male,45.58.47.247
944,Corrinne,Ortega,cortegaq7@google.ca,Female,96.43.164.179
945,Chrisse,Pobjay,cpobjayq8@ycombinator.com,Male,141.3.226.191
946,Nestor,Kirtlan,nkirtlanq9@apache.org,Male,240.132.196.15
947,Lenee,Rosling,lroslingqa@wikipedia.org,Female,27.183.27.225
948,Mignonne,Mc Harg,mmchargqb@answers.com,Female,29.22.50.225
949,Annadiana,Glauber,aglauberqc@tuttocitta.it,Female,231.83.157.76
950,Leontyne,Jillett,ljillettqd@networkadvertising.org,Female,74.244.63.29
951,Adi,Smitton,asmittonqe@typepad.com,Female,228.49.158.87
952,Lenci,Limerick,llimerickqf@soundcloud.com,Male,115.222.128.170
953,Sherman,Dransfield,sdransfieldqg@scribd.com,Male,101.152.7.229
954,Felecia,Di Matteo,fdimatteoqh@bing.com,Female,189.91.33.186
955,Reggie,St. Clair,rstclairqi@aboutads.info,Male,85.202.102.127
956,Chico,Shury,cshuryqj@whitehouse.gov,Male,191.197.73.61
957,Moll,Bengle,mbengleqk@github.io,Female,116.171.169.93
958,Pearle,Scutching,pscutchingql@europa.eu,Female,6.84.185.116
959,Rollins,Killshaw,rkillshawqm@ucsd.edu,Male,230.189.129.86
960,Free,Rolf,frolfqn@prweb.com,Male,200.138.242.73
961,Rossy,Baudou,rbaudouqo@w3.org,Male,192.255.13.8
962,Margo,Jutson,mjutsonqp@sogou.com,Female,237.158.102.142
963,Eduard,Prichet,eprichetqq@japanpost.jp,Male,48.96.89.165
964,Diane,Hendrich,dhendrichqr@behance.net,Female,224.216.68.181
965,Herold,Verrill,hverrillqs@xinhuanet.com,Male,250.157.207.106
966,Hube,Isakson,hisaksonqt@printfriendly.com,Male,132.17.226.24
967,Marybeth,Looney,mlooneyqu@wunderground.com,Female,243.141.169.133
968,Logan,Kemm,lkemmqv@soundcloud.com,Male,76.116.52.171
969,Riannon,Arends,rarendsqw@go.com,Female,221.198.134.140
970,Lucia,Stealfox,lstealfoxqx@nps.gov,Female,214.15.72.191
971,Rufe,Ostrich,rostrichqy@constantcontact.com,Male,239.184.70.54
972,Wang,Brownell,wbrownellqz@php.net,Male,52.224.177.244
973,Larina,Fardell,lfardellr0@opensource.org,Female,180.195.91.250
974,Ange,Pedler,apedlerr1@webnode.com,Male,81.177.91.220
975,Laurene,Colgrave,lcolgraver2@jalbum.net,Female,139.12.5.55
976,Judi,Danford,jdanfordr3@networksolutions.com,Female,180.117.116.238
977,Wilton,Flye,wflyer4@trellian.com,Male,3.86.148.179
978,Foss,Kaaskooper,fkaaskooperr5@europa.eu,Male,202.102.103.250
979,Selma,Purvis,spurvisr6@unc.edu,Female,79.179.152.30
980,Sunny,O'Rafferty,soraffertyr7@yale.edu,Female,71.73.93.154
981,Laurie,Verson,lversonr8@noaa.gov,Female,54.211.27.8
982,Yettie,Wotton,ywottonr9@yellowbook.com,Female,133.170.196.120
983,Quincey,Newrick,qnewrickra@cbsnews.com,Male,239.37.221.178
984,Flor,Thirst,fthirstrb@adobe.com,Female,80.156.63.71
985,Cleve,Whapple,cwhapplerc@dion.ne.jp,Male,210.174.137.108
986,Willow,Stutte,wstutterd@columbia.edu,Female,127.228.110.58
987,Ashien,Farnill,afarnillre@ox.ac.uk,Female,204.250.242.33
988,Kenn,Labone,klabonerf@chronoengine.com,Male,159.107.205.13
989,Marga,Fosh,mfoshrg@pinterest.com,Female,97.219.217.40
990,Marjorie,Negal,mnegalrh@cargocollective.com,Female,58.204.150.255
991,Yank,Risen,yrisenri@storify.com,Male,187.255.159.120
992,Kittie,Drakes,kdrakesrj@hexun.com,Female,146.6.160.209
993,Jarrad,Scrivenor,jscrivenorrk@sourceforge.net,Male,16.141.59.157
994,Tobye,Londesborough,tlondesboroughrl@google.co.uk,Female,36.244.220.254
995,Sybyl,Gelly,sgellyrm@yandex.ru,Female,178.54.252.240
996,Leyla,Boreham,lborehamrn@clickbank.net,Female,240.135.213.9
997,Sile,Carcass,scarcassro@wikia.com,Female,20.90.123.80
998,Ly,Haughan,lhaughanrp@about.me,Male,117.8.109.209
999,Martica,Moreland,mmorelandrq@t-online.de,Female,128.33.113.109
1000,Clem,Simnor,csimnorrr@google.ru,Female,202.255.117.31
